# Host: 127.0.0.1  (Version 8.0.31)
# Date: 2024-03-17 21:50:10
# Generator: MySQL-Front 6.0  (Build 2.20)


#
# Structure for table "categories"
#

DROP TABLE IF EXISTS `categories`;
CREATE TABLE `categories` (
  `id` bigint unsigned NOT NULL AUTO_INCREMENT,
  `name` varchar(191) COLLATE utf8mb4_unicode_ci NOT NULL,
  `description` varchar(191) COLLATE utf8mb4_unicode_ci NOT NULL,
  `image` varchar(191) COLLATE utf8mb4_unicode_ci NOT NULL DEFAULT 'placeholder.png',
  `created_at` timestamp NULL DEFAULT NULL,
  `updated_at` timestamp NULL DEFAULT NULL,
  PRIMARY KEY (`id`),
  UNIQUE KEY `categories_name_unique` (`name`)
) ENGINE=MyISAM AUTO_INCREMENT=31 DEFAULT CHARSET=utf8mb4 COLLATE=utf8mb4_unicode_ci;

#
# Data for table "categories"
#

/*!40000 ALTER TABLE `categories` DISABLE KEYS */;
INSERT INTO `categories` VALUES (1,'Construcción','Servicios relacionados con la construcción y mantenimiento del hogar.','placeholder.jpg','2024-03-08 19:02:12','2024-03-08 19:02:12'),(2,'Electricidad','Servicios relacionados con instalación y reparación eléctrica.','placeholder.jpg','2024-03-08 19:02:12','2024-03-08 19:02:12'),(3,'Carpintería','Servicios relacionados con trabajos de madera y muebles.','placeholder.jpg','2024-03-08 19:02:12','2024-03-08 19:02:12'),(4,'Jardinería','Servicios relacionados con el diseño y mantenimiento de jardines.','placeholder.jpg','2024-03-08 19:02:12','2024-03-08 19:02:12'),(5,'Pintura','Servicios relacionados con la aplicación de pintura y acabados.','placeholder.jpg','2024-03-08 19:02:12','2024-03-08 19:02:12'),(6,'Reparacion','Reparaciones','placeholder.png',NULL,NULL),(12,'TIDS 5-2','GRUPO','65f33f530fba7.png','2024-03-14 18:17:55','2024-03-14 18:17:55'),(13,'Hola123','Hola1','alan1.png','2024-03-16 21:21:45','2024-03-16 21:23:46'),(14,'sdfccsdcs','123','65f661351e6dc.png','2024-03-17 03:19:17','2024-03-17 03:19:17'),(15,'hachuki','feo','65f66141a88da.png','2024-03-17 03:19:29','2024-03-18 02:16:45'),(16,'Hola','Que hacesss','65f7a00d5d09a.png',NULL,'2024-03-18 01:59:41'),(17,'dskmdsvckdscvsd','sdsdsdf','placeholder.png',NULL,NULL),(18,'Categoria','Nuevas','65f765a873c1b.png','2024-03-17 21:50:32','2024-03-18 01:41:14'),(19,'dsfsfsd','hola','hola.png','2024-03-17 22:12:16','2024-03-17 23:10:28'),(20,'fsdfdsfsdfaaa','aaaaa','65f76acf87505.png','2024-03-17 22:12:31','2024-03-17 22:12:31'),(21,'hola12345','09876','65f7708da3d64.jpg','2024-03-17 22:37:01','2024-03-17 22:37:01'),(22,'Romo','Guapisimo','65f773aacd25a.png','2024-03-17 22:50:18','2024-03-17 22:50:18'),(23,'sdfdf','dsfsd','65f775908b95e.jpg','2024-03-17 22:58:24','2024-03-17 22:58:24'),(24,'Prueba777','123458888','65f776fc19da4.png','2024-03-17 23:04:28','2024-03-17 23:04:28'),(25,'HOLAROMO','ROMOMEGAGUAPO','65f783a4188ca.png','2024-03-17 23:58:28','2024-03-17 23:58:41'),(26,'zeus wapo','husky','65f7a2e008b14.jpg','2024-03-18 00:11:06','2024-03-18 02:16:22'),(27,'Feo','Fea','65f7a04352e13.jpg','2024-03-18 02:00:22','2024-03-18 02:02:15'),(28,'hjkbkj','bnkjbnj','65f7a216bc257.jpg','2024-03-18 02:08:22','2024-03-18 02:08:22'),(29,'Discordd56j','App para hablar56h','65f7a4e1dc840.png','2024-03-18 02:20:17','2024-03-18 02:39:48'),(30,'ROMO TESTER','ENTRENADOR DE IA PROFESIONAL !','65f7ae6c622bf.png','2024-03-18 02:27:44','2024-03-18 03:01:00');
/*!40000 ALTER TABLE `categories` ENABLE KEYS */;

#
# Structure for table "failed_jobs"
#

DROP TABLE IF EXISTS `failed_jobs`;
CREATE TABLE `failed_jobs` (
  `id` bigint unsigned NOT NULL AUTO_INCREMENT,
  `uuid` varchar(191) COLLATE utf8mb4_unicode_ci NOT NULL,
  `connection` text COLLATE utf8mb4_unicode_ci NOT NULL,
  `queue` text COLLATE utf8mb4_unicode_ci NOT NULL,
  `payload` longtext COLLATE utf8mb4_unicode_ci NOT NULL,
  `exception` longtext COLLATE utf8mb4_unicode_ci NOT NULL,
  `failed_at` timestamp NOT NULL DEFAULT CURRENT_TIMESTAMP,
  PRIMARY KEY (`id`),
  UNIQUE KEY `failed_jobs_uuid_unique` (`uuid`)
) ENGINE=MyISAM DEFAULT CHARSET=utf8mb4 COLLATE=utf8mb4_unicode_ci;

#
# Data for table "failed_jobs"
#


#
# Structure for table "levels"
#

DROP TABLE IF EXISTS `levels`;
CREATE TABLE `levels` (
  `id` bigint unsigned NOT NULL AUTO_INCREMENT,
  `name` varchar(191) COLLATE utf8mb4_unicode_ci NOT NULL,
  `status` int NOT NULL DEFAULT '1',
  `created_at` timestamp NULL DEFAULT NULL,
  `updated_at` timestamp NULL DEFAULT NULL,
  PRIMARY KEY (`id`)
) ENGINE=MyISAM AUTO_INCREMENT=3 DEFAULT CHARSET=utf8mb4 COLLATE=utf8mb4_unicode_ci;

#
# Data for table "levels"
#

/*!40000 ALTER TABLE `levels` DISABLE KEYS */;
INSERT INTO `levels` VALUES (1,'Admin',1,NULL,NULL),(2,'User',1,NULL,NULL);
/*!40000 ALTER TABLE `levels` ENABLE KEYS */;

#
# Structure for table "migrations"
#

DROP TABLE IF EXISTS `migrations`;
CREATE TABLE `migrations` (
  `id` int unsigned NOT NULL AUTO_INCREMENT,
  `migration` varchar(191) COLLATE utf8mb4_unicode_ci NOT NULL,
  `batch` int NOT NULL,
  PRIMARY KEY (`id`)
) ENGINE=MyISAM AUTO_INCREMENT=19 DEFAULT CHARSET=utf8mb4 COLLATE=utf8mb4_unicode_ci;

#
# Data for table "migrations"
#

/*!40000 ALTER TABLE `migrations` DISABLE KEYS */;
INSERT INTO `migrations` VALUES (1,'2014_10_12_000000_create_users_table',1),(2,'2014_10_12_100000_create_password_reset_tokens_table',1),(3,'2019_08_19_000000_create_failed_jobs_table',1),(4,'2019_12_14_000001_create_personal_access_tokens_table',1),(5,'2024_02_14_145713_update_users_table',1),(6,'2024_02_14_150406_create_services_table',1),(7,'2024_02_14_150444_create_recommendations_table',1),(8,'2024_02_14_150506_create_specialist_table',1),(9,'2024_02_14_150521_create_specialities_table',1),(10,'2024_02_14_150542_create_categories_table',1),(11,'2024_02_14_151145_update_users_table',1),(12,'2024_02_14_152252_create_levels_table',1),(13,'2016_06_01_000001_create_oauth_auth_codes_table',2),(14,'2016_06_01_000002_create_oauth_access_tokens_table',2),(15,'2016_06_01_000003_create_oauth_refresh_tokens_table',2),(16,'2016_06_01_000004_create_oauth_clients_table',2),(17,'2016_06_01_000005_create_oauth_personal_access_clients_table',2),(18,'2024_03_10_202258_create_orders_table',3);
/*!40000 ALTER TABLE `migrations` ENABLE KEYS */;

#
# Structure for table "oauth_access_tokens"
#

DROP TABLE IF EXISTS `oauth_access_tokens`;
CREATE TABLE `oauth_access_tokens` (
  `id` varchar(100) COLLATE utf8mb4_unicode_ci NOT NULL,
  `user_id` bigint unsigned DEFAULT NULL,
  `client_id` bigint unsigned NOT NULL,
  `name` varchar(191) COLLATE utf8mb4_unicode_ci DEFAULT NULL,
  `scopes` text COLLATE utf8mb4_unicode_ci,
  `revoked` tinyint(1) NOT NULL,
  `created_at` timestamp NULL DEFAULT NULL,
  `updated_at` timestamp NULL DEFAULT NULL,
  `expires_at` datetime DEFAULT NULL,
  PRIMARY KEY (`id`),
  KEY `oauth_access_tokens_user_id_index` (`user_id`)
) ENGINE=MyISAM DEFAULT CHARSET=utf8mb4 COLLATE=utf8mb4_unicode_ci;

#
# Data for table "oauth_access_tokens"
#

/*!40000 ALTER TABLE `oauth_access_tokens` DISABLE KEYS */;
INSERT INTO `oauth_access_tokens` VALUES ('002c2e0be04ed9495fd424290ee5f43383de94ae63db9987891aa35ed093b8be8c9f0b0fcbfc7785',26,1,'authToken','[]',0,'2024-02-29 04:23:44','2024-02-29 04:23:44','2025-03-01 04:23:44'),('01805facb29b2f362ebaa44df0f5ed475d2cc3056891f59bf8928146c15089ade5d38047289d0168',26,1,'authToken','[]',0,'2024-02-29 04:23:43','2024-02-29 04:23:43','2025-03-01 04:23:43'),('01853422cee385df1014d1acdbfe6e46036969d33e8517ebff00fe611f4bfbb60df0f4b3ff53f1cd',1,1,'authToken','[]',0,'2024-03-09 03:39:46','2024-03-09 03:39:46','2025-03-09 03:39:46'),('0326b29ec1a344a940c5cc54072fe57cc496d7dab1ce2a65ea0ce5209f734c4c5e62a6e12bb7ef58',26,1,'authToken','[]',0,'2024-03-02 01:13:34','2024-03-02 01:13:34','2025-03-02 01:13:34'),('0336afa283dce8393e3b9a6fe1254adfd77930226baaea482c17cc0452948db83516f10a768faa9c',27,1,'authToken','[]',0,'2024-03-07 14:39:53','2024-03-07 14:39:53','2025-03-07 14:39:53'),('039f1f90680503575bbb3a2689c6b3d150fb4701d8bfd7011cc7a0d7e21bebc3cfc9b16daa746d99',32,1,'authToken','[]',0,'2024-03-07 15:53:24','2024-03-07 15:53:24','2025-03-07 15:53:24'),('058b535e4e83ae6a421811d74da5bc951bda0db842403bac6acf39ba25d4c7b6311f9685c6ad4fec',26,1,'authToken','[]',0,'2024-02-29 04:23:45','2024-02-29 04:23:45','2025-03-01 04:23:45'),('067f641b6f0c80d6ada6788cd082e32b332c712a1bfd6675428ba87a2178cd7e0a6a7f232382d5a3',26,1,'authToken','[]',0,'2024-03-02 01:53:32','2024-03-02 01:53:32','2025-03-02 01:53:32'),('080e8feb3fcf2a9dbcff1653fd68ce3e2a1cbba00e9b60ff6d4b572748018d9849ca246f7bdaf2bd',32,1,'authToken','[]',0,'2024-03-07 15:49:18','2024-03-07 15:49:18','2025-03-07 15:49:18'),('08796aa8d7205df96e99bd2362259a0fafdfbd8b38f726fd471b2822cfbc38e585c33ebac3b0b4e8',1,1,'authToken','[]',0,'2024-03-09 03:03:51','2024-03-09 03:03:51','2025-03-09 03:03:51'),('0930a425f52c6114331a9b68349f355a30d0c152277c210ff66e3ddc3895131bcac68be989a1ba22',26,1,'authToken','[]',0,'2024-03-01 23:17:54','2024-03-01 23:17:54','2025-03-01 23:17:54'),('0b1963e5a49ddfca54626b187f3d5d0b802be8443747ca7f108edd8ab1addaba91bf0698631a402b',1,1,'authToken','[]',0,'2024-03-09 03:11:40','2024-03-09 03:11:40','2025-03-09 03:11:40'),('0bcc00ef29c6522ad6d71f51f3e33951063c7013265f51816f60917cf5d095d48f9878b472607395',1,1,'authToken','[]',0,'2024-03-09 07:40:53','2024-03-09 07:40:53','2025-03-09 07:40:53'),('0daa866b61b9f619689701be7dec1fbdc1e007ad1b0ffbbed8ca64f0ffcd05954ddba4be4ab8ba16',26,1,'authToken','[]',0,'2024-02-29 05:06:00','2024-02-29 05:06:00','2025-03-01 05:06:00'),('108e6c73d62415a242974fc04a1d4c8320433c31c32406ad8c811087a7cbd526099d24cc2c079d64',26,1,'authToken','[]',0,'2024-02-29 07:13:07','2024-02-29 07:13:07','2025-03-01 07:13:07'),('13185156cf58d021b18bcbc8d7c9d1a58497599118cb6dcb582c3243bc7ddc173cf57bdd91713f43',26,1,'authToken','[]',0,'2024-03-07 19:57:38','2024-03-07 19:57:38','2025-03-07 19:57:38'),('135fdb72487d6cbbcc2d15aad07835d769b0e756ca855955c39ff115b05371091aebe52476ad9742',1,1,'authToken','[]',0,'2024-03-09 03:30:18','2024-03-09 03:30:18','2025-03-09 03:30:18'),('13f8796b662613b258a194de03ce5d4074faa16840d5d96d6b3a1243b94722523e356d83a2080681',32,1,'authToken','[]',0,'2024-03-07 16:03:35','2024-03-07 16:03:35','2025-03-07 16:03:35'),('155f5d37ce9f0f46953a5a649a5d74a124a5f2933790c0695dbdb52e8bad7b3f14df2a8f787547ec',26,1,'authToken','[]',0,'2024-03-07 09:21:57','2024-03-07 09:21:57','2025-03-07 09:21:57'),('157deae8297dee07b28470b4bfdf1e5086f62631534b92b6c1a4625f3778bc8bdce9cb82cc502292',1,1,'authToken','[]',0,'2024-03-09 04:40:46','2024-03-09 04:40:46','2025-03-09 04:40:46'),('166ec829e4466c3e184d5e81f38ac4aedf18aac6bea4e61c44dbc7c5e9effa110bc7acda24eee327',1,1,'authToken','[]',0,'2024-03-09 02:46:05','2024-03-09 02:46:05','2025-03-09 02:46:05'),('1694c696bc7a77371d3f3b7f6163bbbf119d9027511c3812a1893ae39eaad0ec4212136729a7c52a',1,1,'authToken','[]',0,'2024-03-09 06:36:46','2024-03-09 06:36:46','2025-03-09 06:36:46'),('17548d6cee8c314a7a63171887ae149a751e4880128597dd81ccb8f7356a8dd83cc189a0bd6eb947',26,1,'authToken','[]',0,'2024-03-07 16:09:51','2024-03-07 16:09:51','2025-03-07 16:09:51'),('18cef914ecbfbecbe42ba76a2b4ccc05b1200dc06ad12320a41c52129b722c1d73b0eb0a1b13cba9',26,1,'authToken','[]',0,'2024-02-29 07:13:07','2024-02-29 07:13:07','2025-03-01 07:13:07'),('1a61b6b38c386560e3e50cab3de3c48bc39747939308b218e48c5be2d93fb030a8b730750e6ba8ac',26,1,'authToken','[]',0,'2024-03-02 01:51:36','2024-03-02 01:51:36','2025-03-02 01:51:36'),('1cce56eaaa38a60f2c8baced3d02497084fa6fe2d3564ccb96e3fcc87d120f6234b7820e5b3b7364',1,1,'authToken','[]',0,'2024-03-09 02:03:01','2024-03-09 02:03:01','2025-03-09 02:03:01'),('1d303302b29c914786c4aba33346304418c8245128f860110e28ec900109cf737626ea0e5fe82cd3',1,1,'authToken','[]',0,'2024-03-09 03:48:32','2024-03-09 03:48:32','2025-03-09 03:48:32'),('1f0598c2e4a5b7d6c077b91571b50d51a5eac654f7b6dde8c255cd9ecde143a52896dfe5a0b5fd95',26,1,'authToken','[]',0,'2024-03-07 16:12:00','2024-03-07 16:12:00','2025-03-07 16:12:00'),('211614ba73ba2414db2f20b362f0db1d930ea12de4eefdd11f24be0e32ce7eb6a705d3d957b41598',26,1,'authToken','[]',0,'2024-03-07 16:11:22','2024-03-07 16:11:22','2025-03-07 16:11:22'),('22630b175a79ad7fda84a045132671a8842fe75b323e2ac6ffe1ecf5b626cffdf0fa183db666b2fd',1,1,'authToken','[]',0,'2024-03-09 03:13:02','2024-03-09 03:13:02','2025-03-09 03:13:02'),('226df280fbaa112fdca03d2222ed9269a53f836773c71ca9b59a4cbe297c51edbaf15ec8ae7d93d9',26,1,'authToken','[]',0,'2024-03-03 07:09:20','2024-03-03 07:09:20','2025-03-03 07:09:20'),('2390960611671a0ce65b5b0913e4b50b42ba4e96d409cb41fb7ee010327217f2d7f56255ef76222e',26,1,'authToken','[]',0,'2024-03-02 00:15:51','2024-03-02 00:15:51','2025-03-02 00:15:51'),('25cf0fc49df164f4185bde5e64758b6bd61fd45df86e6d6ed9492bb667a0fb230772e0be4bd8b522',1,1,'authToken','[]',0,'2024-03-09 04:16:19','2024-03-09 04:16:19','2025-03-09 04:16:19'),('264e6277d6dff8607258380da1fb8ca3520304aadfc47f246a1e127254731ca2ed77b50e694088f7',26,1,'authToken','[]',0,'2024-03-01 23:41:02','2024-03-01 23:41:02','2025-03-01 23:41:02'),('277344b7c8f89067f9d2d2f08684715cf21c47e88b5525e525e023605236253f3ce065f47a3a0388',26,1,'authToken','[]',0,'2024-03-07 16:49:27','2024-03-07 16:49:27','2025-03-07 16:49:27'),('2876794d774e7d5f0cdc9ff5d71fa43ec5020c8e6170ed54a479aed9de8c158cbd850669445d4b14',1,3,'authToken','[]',0,'2024-03-09 09:29:43','2024-03-09 09:29:43','2025-03-09 09:29:43'),('28ba8119f0a3332649dbaef0184f9a8fc2aa1ad9bf13466d862edb2e3c7a1470d059088449b8b52a',26,1,'authToken','[]',0,'2024-03-01 23:19:44','2024-03-01 23:19:44','2025-03-01 23:19:44'),('28ba8b8c0db32cf480f6db74f0eaecb588dface4bbf0cdc782e3579c8c4e288fa8e6703875bd466a',26,1,'authToken','[]',0,'2024-03-02 02:02:47','2024-03-02 02:02:47','2025-03-02 02:02:47'),('292af2a28e194467eac7364e471eade818e8a6a9bc814bb497a69a5e08c23a716b669bff7e6f1028',26,1,'authToken','[]',0,'2024-03-07 09:08:53','2024-03-07 09:08:53','2025-03-07 09:08:53'),('297d98c16585f0f08d4e5587e6fc4c7cc100549b1bf1e9b43497f5ae5c2e713a29a54984c12b8f09',1,1,'authToken','[]',0,'2024-03-09 02:42:01','2024-03-09 02:42:02','2025-03-09 02:42:01'),('29cc75378ece89787238baa424cb2f16fd3cd9b05c7d10214e545890dfbcd42f384cc1510c655489',26,1,'authToken','[]',0,'2024-03-01 23:40:27','2024-03-01 23:40:27','2025-03-01 23:40:27'),('2bbe431a9a36b782a0de57c7db8b723f37bd7abfac0302dc30a3e094c43eb98f87255a1dbaf233cd',26,1,'authToken','[]',0,'2024-02-29 04:23:42','2024-02-29 04:23:42','2025-03-01 04:23:42'),('2cd3f73ca6ba37b49e8088ebea658b7f18d4e220dcc2367140f84ef3b7cf80f8ac1151f6c7853523',26,1,'authToken','[]',0,'2024-03-07 16:10:22','2024-03-07 16:10:22','2025-03-07 16:10:22'),('2d8a2f5c1a08e6962699a6925a9806123c16c57292ab9bc1695ce27b343f6a072bbed282875dc33e',26,1,'authToken','[]',0,'2024-03-07 08:54:55','2024-03-07 08:54:55','2025-03-07 08:54:55'),('2f237ab7e8d882ca9dc788d811301b7c009acd6bc0e5592bacca38c28c94832b5ed8e25408501a79',26,1,'authToken','[]',0,'2024-03-07 08:39:57','2024-03-07 08:39:57','2025-03-07 08:39:57'),('302cdab927639c109fb460bb36433f6f7c9685d11ef1b078a322c95e04acf80ac267104fd73a387d',26,1,'authToken','[]',0,'2024-02-29 05:27:16','2024-02-29 05:27:16','2025-03-01 05:27:16'),('30b688e75b629a0cee38669fa0a17fa52a5449f30c9817bfb8f05e7dd8264f7fadefbbf1bcbbd701',26,1,'authToken','[]',0,'2024-02-29 07:13:05','2024-02-29 07:13:05','2025-03-01 07:13:05'),('30c39755a126e412669194cefbfed94ea0acc1b0235c1e025b057c70f5f9bb2ac480a2490094cd9e',26,1,'authToken','[]',0,'2024-02-29 04:23:42','2024-02-29 04:23:42','2025-03-01 04:23:42'),('30e2af0a531c54fb7976cb33e048a79e7dfa41eec72bbd5ced693ebbeabea82b4a6661c0201cd06c',26,1,'authToken','[]',0,'2024-03-02 00:07:20','2024-03-02 00:07:20','2025-03-02 00:07:20'),('33996b174ef10ae1f9c041a4e4aef483dc2100e547a5d9a48e3379e80dd1fceb93a6b0d5a43a70d9',26,1,'authToken','[]',0,'2024-03-07 09:29:15','2024-03-07 09:29:15','2025-03-07 09:29:15'),('3466488a0e5d8cca7abf1314125b9c273e84ed9a89c98f8936508807558493ebdaaf9c6b8900bf39',26,1,'authToken','[]',0,'2024-03-01 23:23:14','2024-03-01 23:23:15','2025-03-01 23:23:14'),('3469f2f7883b34977b606dc8d1f0031bb084c4de99efee5f8dbb79484d9c39f64f38afbc2d49a436',26,1,'authToken','[]',0,'2024-03-07 08:53:12','2024-03-07 08:53:12','2025-03-07 08:53:12'),('3549d9edb98f2cb437196b55368416f2fe4afa16644142f01ba9ce3428f180bc9033ccac3a3fbeea',26,1,'authToken','[]',0,'2024-02-29 04:23:44','2024-02-29 04:23:44','2025-03-01 04:23:44'),('375ba9aee07d0bb32b014ea7a0202dc1ced50aaa08d1ba85b4e2dc728eaa62eaf47c15bc5033cdd7',26,1,'authToken','[]',0,'2024-03-02 00:16:55','2024-03-02 00:16:55','2025-03-02 00:16:55'),('3822db8e175a1d22cae1acca9fa68bb0a295ba1fb872ddbada13d59a33dfb9f1f151599b906e79af',26,1,'authToken','[]',0,'2024-03-01 23:14:29','2024-03-01 23:14:29','2025-03-01 23:14:29'),('387720d96fa5c6d15bee4d68b5a2131f39257d6afc5e71ee8c4b8b6a7c6586f9a4c5e36b781e07d7',26,1,'authToken','[]',0,'2024-03-07 09:12:07','2024-03-07 09:12:07','2025-03-07 09:12:07'),('38b41e6183ad856fdca097a86a31cdfdc1cfbb073bbf216823f8ff14423b6df39b399795778c4bda',26,1,'authToken','[]',0,'2024-03-02 00:08:57','2024-03-02 00:08:57','2025-03-02 00:08:57'),('39d617f48f43b4edd6797662a3c8d317ceb4ce1217609dcd97468967b44cc2abaeb37b35e4d36a87',26,1,'authToken','[]',0,'2024-03-02 01:56:30','2024-03-02 01:56:30','2025-03-02 01:56:30'),('3bd6c85f9ded094f3850e1fbd2bd668d3bffe5b54c8d70ac8ed195f4afca2a748fb98d5a61ee8925',1,1,'authToken','[]',0,'2024-03-09 02:06:30','2024-03-09 02:06:30','2025-03-09 02:06:30'),('3db9d6d5d55b99b97335486212089d00d5e6af4b16e9a4474edd16e363fdecb170119707b1fabb6f',26,1,'authToken','[]',0,'2024-03-07 16:10:39','2024-03-07 16:10:39','2025-03-07 16:10:39'),('3de63229d523472655248a5168879891c519470137ea6c307ea364b1d66a12b6956137f3c7744b3f',1,1,'authToken','[]',0,'2024-03-09 03:27:57','2024-03-09 03:27:57','2025-03-09 03:27:57'),('413c1630c1114689bb839c89940b1f25de76bba4a9b2a979296cb8a63232d30da465caf5f70617d5',26,1,'authToken','[]',0,'2024-03-01 22:47:16','2024-03-01 22:47:18','2025-03-01 22:47:16'),('42ca913e0065ffcc18f9b4e84b6c2abf96ecbe5dee66a62f4ab91502c8491e6f79fb467eda78dbaf',26,1,'authToken','[]',0,'2024-03-03 07:09:15','2024-03-03 07:09:15','2025-03-03 07:09:15'),('45e2cd4ddc90db675cf23808288666ecd22f6ec5ef3b6febb32a2cf527e569820745d86a9d16339c',26,1,'authToken','[]',0,'2024-03-02 00:01:59','2024-03-02 00:01:59','2025-03-02 00:01:59'),('45ee47681155a9360cac9a5bd4be714d6c5f8a2d2de3bf6b736f7d74966a4c8f9106a6a800009305',32,1,'authToken','[]',0,'2024-03-07 15:34:48','2024-03-07 15:34:48','2025-03-07 15:34:48'),('47ac489bf141a750b2c8b1ece86d11a509756df4f624ecf64398161ec3a130ef77ab4e4b8d9f5957',26,1,'authToken','[]',0,'2024-03-07 08:39:55','2024-03-07 08:39:56','2025-03-07 08:39:55'),('4811af9acd2a867a070a9054bdfcb2f04e3765876b8f9ba33de199d1e3643266eabede82e7b8fa7c',26,1,'authToken','[]',0,'2024-03-08 00:04:53','2024-03-08 00:04:53','2025-03-08 00:04:53'),('4a17b36e2a92eec793b74d4f54eec9ce6e60d31a60c98d3ba411d91c986f1cf74755f5be2d38e0b9',26,1,'authToken','[]',0,'2024-03-03 09:15:52','2024-03-03 09:15:53','2025-03-03 09:15:52'),('4c51986043c13a5ffd666283b2d66ceb16cb4d48e21cefc3292ccc604b1d1375a2f07fd44c5f50db',32,1,'authToken','[]',0,'2024-03-07 16:45:53','2024-03-07 16:45:53','2025-03-07 16:45:53'),('4de5e0dca5584ab47809763cf24a191baa4dfbac12fed1755908192f50e467cb563df239d9826b11',1,1,'authToken','[]',0,'2024-03-09 07:25:42','2024-03-09 07:25:42','2025-03-09 07:25:42'),('4e4c795204565d9fe6828aa87c686a23edd7e6fb92edba729fb19af87c5ee354074807eeb0a7e742',1,1,'authToken','[]',0,'2024-03-09 07:35:18','2024-03-09 07:35:18','2025-03-09 07:35:18'),('4ef19356c790886f9a11f910a23e7d6ffdbb4eab8be80e5a69aec2fd9a271db0ffe2cc2d29641488',26,1,'authToken','[]',0,'2024-03-02 00:15:11','2024-03-02 00:15:11','2025-03-02 00:15:11'),('4fd163f93fe64a929c318a7b04155c26fd5655e9e0116864eb60fdb583b1a6040cf05aebd3cf4785',26,1,'authToken','[]',0,'2024-02-29 05:13:59','2024-02-29 05:13:59','2025-03-01 05:13:59'),('4fefb3ef3e933f0eb056286247eb346ce709548bdadae1b7183f505d39e959fb6368d7b3e31edeef',26,1,'authToken','[]',0,'2024-02-29 04:52:48','2024-02-29 04:52:48','2025-03-01 04:52:48'),('50af50c86ea4b982898c3c341804e81897859d85c75587475f5bdebca45d9536bb262561624e1bcb',1,1,'authToken','[]',0,'2024-03-09 07:48:44','2024-03-09 07:48:44','2025-03-09 07:48:44'),('510283e28b156aa5b61afe47b2dd85db54d2ee27d5dbb428ee06a4105ce26cb20d8f71344326ca18',1,1,'authToken','[]',0,'2024-03-09 04:32:16','2024-03-09 04:32:17','2025-03-09 04:32:16'),('52d842e809f88e04e3e5096e3c52d10e0b61701a9b8cc115b286f3f090ebac79d7b6b85e4f9f3ae3',1,1,'authToken','[]',0,'2024-03-09 06:42:48','2024-03-09 06:42:48','2025-03-09 06:42:48'),('53b6634c2f65d7bfb7c2bd484158724ad213daab2cf42137bc2c30d91edd2f08e0c14d8a6a46a049',1,1,'authToken','[]',0,'2024-03-09 06:23:24','2024-03-09 06:23:24','2025-03-09 06:23:24'),('53ecd7538a0f35e8c7bf60ce6c65813a54776c496ca57ee58bce9400bc90fb98bf6b84b0a09236c3',26,1,'authToken','[]',0,'2024-03-01 23:12:06','2024-03-01 23:12:06','2025-03-01 23:12:06'),('556b2b74f41d2764fef4289d64e64e452d3e00a02b7f0a6318ce464c5da0602b47dc6c7b2f0db854',32,1,'authToken','[]',0,'2024-03-09 00:48:03','2024-03-09 00:48:03','2025-03-09 00:48:03'),('55ef60e1581d88b869795bda5ea845fbaa4afaf52bb3203e336d3fe9c8c642306be666e548ddc2ab',26,1,'authToken','[]',0,'2024-03-03 07:09:24','2024-03-03 07:09:25','2025-03-03 07:09:24'),('5738e602d50c18ead170f22ed41552a2d91e61784e3b73711829f302b7a54ae8970016404ce34a14',1,3,'authToken','[]',0,'2024-03-09 09:25:53','2024-03-09 09:25:53','2025-03-09 09:25:53'),('5779261b699516cd9e236641a7aedea6c81dcb4db547ce23e23586038a651183624a56b3ec672c4d',1,1,'authToken','[]',0,'2024-03-09 03:01:55','2024-03-09 03:01:55','2025-03-09 03:01:55'),('57902fed46b9a53fae393fa003cd83095ec2a5ddab34aac1fcdb841998a1b2eea3362f11724084b1',34,1,'authToken','[]',0,'2024-03-07 21:03:10','2024-03-07 21:03:10','2025-03-07 21:03:10'),('5a4d8069535a3e088c30b23841da653dd9925094beede11154b569ee7438cca366d7961e80f65d58',1,1,'authToken','[]',0,'2024-03-09 06:43:30','2024-03-09 06:43:30','2025-03-09 06:43:30'),('5a97b1ff93a7fcecca15278e888dd015c34f7d12445fb685890275b4174459769f20c6b55743f930',26,1,'authToken','[]',0,'2024-02-29 04:23:44','2024-02-29 04:23:44','2025-03-01 04:23:44'),('5b315cbbc8b2748ea76923d4a3b70122b6a721ed46e14b834ac85e81f40554aeb2f8845fad73818d',27,1,'authToken','[]',0,'2024-03-07 14:39:42','2024-03-07 14:39:43','2025-03-07 14:39:42'),('5c68c1ae7aae56fc311c9adaae09738efcf3fc1f587fa574a1a2327dac6a3ffb0a7234186d5b64b4',26,1,'authToken','[]',0,'2024-03-02 01:20:39','2024-03-02 01:20:39','2025-03-02 01:20:39'),('5c9417ed24e093f8493385136e385172510b1d4bbe79c2ffb679c03447e37cec9ec8603677d0a789',1,1,'authToken','[]',0,'2024-03-09 07:41:53','2024-03-09 07:41:53','2025-03-09 07:41:53'),('5d029375976d248aab71b5910b45063ecb08f85190c60d55d9679451508179a2398f94d70a949373',26,1,'authToken','[]',0,'2024-02-29 04:23:43','2024-02-29 04:23:43','2025-03-01 04:23:43'),('5e0b7c2bff7b9286561682892b08b3cdd2eda436117f546a544a6aad506c4f55feed2c1058b38832',26,1,'authToken','[]',0,'2024-03-07 16:11:46','2024-03-07 16:11:46','2025-03-07 16:11:46'),('5e36d2f28cbac0d6149966eb020c74e743ed48fc9c613bb7d14bc90c00874369b3831256d44b6f99',26,1,'authToken','[]',0,'2024-03-02 00:17:08','2024-03-02 00:17:08','2025-03-02 00:17:08'),('5f3acf406bf9ced412679027c23da2bff3a7d0f823153a95620a52ca008c36730332b14ecfe3c8b1',26,1,'authToken','[]',0,'2024-03-01 23:29:07','2024-03-01 23:29:07','2025-03-01 23:29:07'),('5f63316f30fb5a9b4a9a39dec5bcbf73ce5c79cec06531e96394a59803a87a19d0806d15b0814138',1,1,'authToken','[]',0,'2024-03-09 08:00:46','2024-03-09 08:00:46','2025-03-09 08:00:46'),('6036c0379f28fea7371506e79690fb068a65c7714f5d1c4af1a1bfab71b6c7d2ebc2c6d4cc5cc853',32,1,'authToken','[]',0,'2024-03-08 20:30:34','2024-03-08 20:30:35','2025-03-08 20:30:34'),('618aad7da5c95e2df1a4f3e0a3b3c4f0790282a31dde8135be2ef685dce386f2904f2c7da75650e4',26,1,'authToken','[]',0,'2024-02-29 04:23:42','2024-02-29 04:23:42','2025-03-01 04:23:42'),('66543022c110426f8c9e928f94ef240df1579d158eaf652a98a387df94fe19fd6b15d0092f45f169',26,1,'authToken','[]',0,'2024-03-07 09:50:00','2024-03-07 09:50:00','2025-03-07 09:50:00'),('66eac8588284ddd7ac4fb25479554a8d07cc5d8fc9ed609d8d9f2a2c36dd782b459ccb335ccdcc6e',26,1,'authToken','[]',0,'2024-03-03 07:09:03','2024-03-03 07:09:05','2025-03-03 07:09:03'),('678d10fdd72b9ce58fd1804fc61890bbc3a72e066873cc9e65a9e00a72f7425302b550314aaf94cb',26,1,'authToken','[]',0,'2024-03-07 09:58:22','2024-03-07 09:58:22','2025-03-07 09:58:22'),('684b3432d332089bbb2b7aece2705a60fdfa0c449963bf21c88fb139bb60b2af893d06de87212f45',1,1,'authToken','[]',0,'2024-03-09 06:26:24','2024-03-09 06:26:24','2025-03-09 06:26:24'),('68ee16a3ac9c4c82f7ea1448d9479853f5b76c140cfcc4c5898304eb9c9e84fa1e6f85b96d54875f',1,1,'authToken','[]',0,'2024-03-09 06:21:13','2024-03-09 06:21:13','2025-03-09 06:21:13'),('6bc4251b2d0a7df1ff1d117dfb7927241a7147bc05b1fbd68a69583a143dd28c3914437b20b8dbcd',26,1,'authToken','[]',0,'2024-03-02 00:02:23','2024-03-02 00:02:23','2025-03-02 00:02:23'),('6bd2363f71a5fc5533cedc7931d4aba9339f39a8b07593355e050c7affd626ff9c11fc59b35e9ffe',1,1,'authToken','[]',0,'2024-03-09 02:59:37','2024-03-09 02:59:37','2025-03-09 02:59:37'),('6c4c02cac5b544e0cec73f61349da77f2d63307c8d380f35be677afc0444a56236a8acc1dc150e3b',26,1,'authToken','[]',0,'2024-03-07 09:13:35','2024-03-07 09:13:35','2025-03-07 09:13:35'),('6e4eff17f81b8f8c5cb2bd7d22f7d87055679c807d572f2e19030d660bdcb37d10ff0c1f1ace7408',32,1,'authToken','[]',0,'2024-03-07 15:30:58','2024-03-07 15:30:58','2025-03-07 15:30:58'),('6e8d6151a20fca4e9b13156800e132d5ddfb90382ddd8c568481a691dae14b8368ebf14d6de05a82',26,1,'authToken','[]',0,'2024-03-03 07:09:16','2024-03-03 07:09:16','2025-03-03 07:09:16'),('71b121db06b8db132a17a972d86733c0149a7d1dbd23f1dff389a8694f54bfb5ad6a98d4758206dd',1,1,'authToken','[]',0,'2024-03-09 03:28:45','2024-03-09 03:28:45','2025-03-09 03:28:45'),('73d88f8df43299765745f0ea1a99a0346ef4ae087ccdf83b03af24e447357297afe3d199c8311c30',1,3,'authToken','[]',0,'2024-03-09 09:25:19','2024-03-09 09:25:19','2025-03-09 09:25:19'),('745b7dd5cfd45a275c129506ef74843ddaec46ab7d59a23fe9f87a903b652f6d540f47879c233432',1,1,'authToken','[]',0,'2024-03-09 01:54:15','2024-03-09 01:54:15','2025-03-09 01:54:15'),('7553391b69c0508fe24aa2fb2db54a2ea36e8381fe3403df1aa0ad409a9c40b31e0e7abb7c1eafe3',26,1,'authToken','[]',0,'2024-02-29 04:23:39','2024-02-29 04:23:40','2025-03-01 04:23:39'),('762c85949d3f38ce7a642a71d103c99221e3c32abafa9d0092805db16d14d37bd93ab4bd529750da',26,1,'authToken','[]',0,'2024-02-29 05:20:48','2024-02-29 05:20:48','2025-03-01 05:20:48'),('7686e80181eab85ad147ecaef4b56c6e5fb7e41d4885318625885900c258648b1f6af7806d6a80ca',26,1,'authToken','[]',0,'2024-03-02 00:08:31','2024-03-02 00:08:31','2025-03-02 00:08:31'),('76ae93805a9ce4c3a5b2358a283c687c2bd6cbf3f49e9d5a0b95ec7b62aabbff0e6d3e6d2959d10d',26,1,'authToken','[]',0,'2024-03-01 23:45:45','2024-03-01 23:45:45','2025-03-01 23:45:45'),('774d466dd97e03b13db901547b132fa7fcca8b1d7f5d4f9b39ead4f2b679534ebf21e79e055c88a1',32,1,'authToken','[]',0,'2024-03-08 20:32:54','2024-03-08 20:32:54','2025-03-08 20:32:54'),('784484dbbe992d0f3f1d39ac9e8462cb464bf7b5de3ec71f85760bedaadb3ef9f112b2004990c189',26,1,'authToken','[]',0,'2024-03-03 09:22:42','2024-03-03 09:22:42','2025-03-03 09:22:42'),('78ff3b37b6a1826d9a5a77002188fade3d7343035c3a79c7a1009754b2a99fd7cc06bf51bb90da76',26,1,'authToken','[]',0,'2024-02-29 04:24:37','2024-02-29 04:24:37','2025-03-01 04:24:37'),('7c39d990c35e695f22cf93b5ee431f666e3cdd2494a300d6e5468655db9e48f308962ac2d9f153f4',26,1,'authToken','[]',0,'2024-03-02 00:04:08','2024-03-02 00:04:08','2025-03-02 00:04:08'),('7c9c79050ff44b0f0643578f96e053c24573af97c442df348523d277722385d655042583209b405f',32,1,'authToken','[]',0,'2024-03-07 16:15:36','2024-03-07 16:15:36','2025-03-07 16:15:36'),('7d09e9d74ca99d50e3a37973e92e8115fac986a6451e8cfe0d7eec1208f4c867697ff2e2a56e03ec',26,1,'authToken','[]',0,'2024-03-01 18:09:17','2024-03-01 18:09:17','2025-03-01 18:09:17'),('7dd0e62c06cbc566fc3ff83ab2ee836cea4d9aab0f0bc2e4f21a681c8664dc7603d35e9208e5b0f1',26,1,'authToken','[]',0,'2024-03-01 23:11:16','2024-03-01 23:11:16','2025-03-01 23:11:16'),('7f3ce01df7f74e0f605ddd01e2f693b3bd0c3b7678b5deb8eecde8ab546dce66294ac9f335e40f61',26,1,'authToken','[]',0,'2024-02-29 04:23:43','2024-02-29 04:23:43','2025-03-01 04:23:43'),('7f42fd806669450e013875848617249f40cb240e6f12872a140a82d8cd3fc475cd23232b23bd5610',26,1,'authToken','[]',0,'2024-02-29 04:46:17','2024-02-29 04:46:17','2025-03-01 04:46:17'),('8019e598716bb383b0677479390b68d5002aec7c8c2e637545ea30b9df2f08c96e6e584d28fde376',32,1,'authToken','[]',0,'2024-03-07 15:53:44','2024-03-07 15:53:44','2025-03-07 15:53:44'),('827ea61d861baf59b60ff656ba3833bfd5974c82f205b20830c28ffad49b9f55cfa1535d2b971d88',51,3,'authToken','[]',0,'2024-03-09 09:23:22','2024-03-09 09:23:22','2025-03-09 09:23:22'),('8456c0564f8f539e96608b03537f0a1f82f973068098816b6ae30b1006651e35cfdf6167271ccfa4',32,1,'authToken','[]',0,'2024-03-07 15:23:11','2024-03-07 15:23:11','2025-03-07 15:23:11'),('848ac960ad59c5b1eea7c809c2469ea2b3dc54d41a7970474d8c1d25e108f31849627b346b6848d6',26,1,'authToken','[]',0,'2024-02-29 07:21:04','2024-02-29 07:21:04','2025-03-01 07:21:04'),('8560ea81607670470eb35d0c79458292bc3f03e27580a11cb39a76bec008b9e733c917b7c321e902',26,1,'authToken','[]',0,'2024-02-29 04:23:43','2024-02-29 04:23:43','2025-03-01 04:23:43'),('85b137bede74f6b24389080beb1453ce0829abcdf1b2e1736ac417db8b29f221de4d9cbdae5a014a',1,1,'authToken','[]',0,'2024-03-09 03:38:24','2024-03-09 03:38:24','2025-03-09 03:38:24'),('8685da9ca5e156d91031d2bbe73860648fcdf08f6ffa2889dcdba183fe7554b829939d6153d3786f',26,1,'authToken','[]',0,'2024-03-03 07:09:18','2024-03-03 07:09:18','2025-03-03 07:09:18'),('87c649de65950783e7fea7933a39cd30e22d809cebfbc2d832f2d6c96ffd785827ab9804b3358db1',26,1,'authToken','[]',0,'2024-03-02 01:52:16','2024-03-02 01:52:16','2025-03-02 01:52:16'),('89a6b68e69a5e40595778197906a3e8b72871ec9c2f11c3ec1cbb00f2522a74e0783362b47d25709',32,1,'authToken','[]',0,'2024-03-07 16:00:26','2024-03-07 16:00:26','2025-03-07 16:00:26'),('8ce182f49ce4e84c0e1c97607405dfa1ecc8158c0c74c26d31e11ea70b6b29fc551a29d083830b45',32,1,'authToken','[]',0,'2024-03-07 16:08:01','2024-03-07 16:08:01','2025-03-07 16:08:01'),('8dde389f8f4ccd101edd5ef34fddf55627b83b9cb88f7e8948cabcc2f9ae42c71a163b7ac8a15af7',1,3,'authToken','[]',0,'2024-03-09 09:30:02','2024-03-09 09:30:02','2025-03-09 09:30:02'),('8eb1397fc933e4cab646cf5b8325ee9417d0ab5655e0d3b5846f7ed12ea0b8ba0ac5245075813f7c',26,1,'authToken','[]',0,'2024-02-29 04:23:45','2024-02-29 04:23:45','2025-03-01 04:23:45'),('8edddc143d2415e9d920f11a99012b8ff0e47eb1c580a0bf0529cae68c0525ca2fc861d86ae5ed79',1,1,'authToken','[]',0,'2024-03-09 04:20:17','2024-03-09 04:20:17','2025-03-09 04:20:17'),('8fd5050817c0d8b5b6fda6c9cf948723a1de2148c847c749a70164dac11c8b617adcd024afc6f410',26,1,'authToken','[]',0,'2024-03-07 10:09:32','2024-03-07 10:09:32','2025-03-07 10:09:32'),('9064a460a01ea8a81fbf3d7ba172305205b2fcc472ec2e69c03a77f0cecf93a1e78aba4269a8c62d',26,1,'authToken','[]',0,'2024-03-07 09:38:13','2024-03-07 09:38:13','2025-03-07 09:38:13'),('91b52d91c47b07aac013a82a5e3401eb93eca44c276df6adf409b9b3194bf337dff10e28e69dd0b7',32,1,'authToken','[]',0,'2024-03-08 00:04:06','2024-03-08 00:04:06','2025-03-08 00:04:06'),('9292e7af463aaa14dba39831513a80663409973a2fc1d7bd0ceffef6ae65504e3c68615caab24320',26,1,'authToken','[]',0,'2024-02-29 04:56:02','2024-02-29 04:56:02','2025-03-01 04:56:02'),('93f82b5c0bab5a18c4388cb9924e16a68c106566233b5ea28e99031df75c4807b961027029a5f259',1,1,'authToken','[]',0,'2024-03-09 07:18:56','2024-03-09 07:18:56','2025-03-09 07:18:56'),('955498d907649c5ea22d1f105abb636d0c5e06798f821380478de19940422a07e80f66e7b25bb15f',26,1,'authToken','[]',0,'2024-03-03 07:09:17','2024-03-03 07:09:17','2025-03-03 07:09:17'),('9908a6e02301da6e56bcfca42fdc54bac0eee999cf8f9a975791e2eb1b12a6521ecf9e04d3d34245',26,1,'authToken','[]',0,'2024-03-01 23:21:27','2024-03-01 23:21:27','2025-03-01 23:21:27'),('9b54439f6498ab7affcb4fe37df9358551fd64f846c1475d0723ae76bb782e0af3d2f422a9cea505',26,1,'authToken','[]',0,'2024-03-07 09:57:20','2024-03-07 09:57:20','2025-03-07 09:57:20'),('9bbed7783e73b26b12f6d74341a76c3b5f989fd143d0cd626c1f2fcc68f7750039877c1e74321d8c',27,1,'authToken','[]',0,'2024-03-07 14:39:49','2024-03-07 14:39:49','2025-03-07 14:39:49'),('9d3293b80287e7c4a1c3202be2c6faf24d0ad1b955ae9f1339c12ade38f6a1a1cd91c83b364979eb',26,1,'authToken','[]',0,'2024-03-01 23:56:45','2024-03-01 23:56:45','2025-03-01 23:56:45'),('9e5738c4d2c74792554e935bbced51d0c8e43f94c860aabc546d3422a0d15ef99ff7c6cf4f9bfbee',26,1,'authToken','[]',0,'2024-02-29 05:37:15','2024-02-29 05:37:15','2025-03-01 05:37:15'),('9e7e817d5009ac2932973115ed31765abb8cebe09ea1b23a6b68c419413a382dc2f4b6b8f59612d5',1,1,'authToken','[]',0,'2024-03-09 07:14:30','2024-03-09 07:14:30','2025-03-09 07:14:30'),('9f66dac3cf4441584c6cbc5562d80d7f7619852a64ebaa656a3d6db91ef857617bb52f741e8bc45e',26,1,'authToken','[]',0,'2024-03-01 23:06:31','2024-03-01 23:06:31','2025-03-01 23:06:31'),('9f8c0db8094a480c3092df153d4eec023111e51dd06ed322afff270dc1cdfb6cfa6ccfce01216207',26,1,'authToken','[]',0,'2024-03-07 21:00:45','2024-03-07 21:00:45','2025-03-07 21:00:45'),('a0acfbd4c036a15a7e71845397473b68ef72f2bc18ea42bcc840e1df99bb65d7d3e0be2947de1184',26,1,'authToken','[]',0,'2024-03-02 00:03:01','2024-03-02 00:03:01','2025-03-02 00:03:01'),('a0fc93f956c30a40e6b16da957ab6f4a57eb98cf8964fde8f36dfd2d156dfde003fb385dec1a2716',26,1,'authToken','[]',0,'2024-02-29 04:33:06','2024-02-29 04:33:06','2025-03-01 04:33:06'),('a254cc8bb95179d344a3ef30d895d915042facf5599df86ba18b0d97093217694983a04fc4fea041',1,1,'authToken','[]',0,'2024-03-09 03:53:20','2024-03-09 03:53:20','2025-03-09 03:53:20'),('a348056c1c6920017bca0d0ad2473743ac8b34ce72f44f1d71ca08c0dd2bcaeeb5d10426d85552f7',26,1,'authToken','[]',0,'2024-03-07 16:55:18','2024-03-07 16:55:18','2025-03-07 16:55:18'),('a42ddfeb623044e44eed73d76492f628f212fa48e4a8243648b81391fd87945ff0f129d23c554cce',26,1,'authToken','[]',0,'2024-03-07 15:54:07','2024-03-07 15:54:07','2025-03-07 15:54:07'),('a52c4b0b20a46e40bd719dfd305bf12de3d9fd4e6de5185e25d4e883d25720d205c2d40e697358fc',26,1,'authToken','[]',0,'2024-03-01 23:24:50','2024-03-01 23:24:50','2025-03-01 23:24:50'),('aa93fddc32618eecc699ed4b3f90a1c4fe3c035893008e177fc84f3b0df5ada3bafe4d4587e0b915',26,1,'authToken','[]',0,'2024-03-03 07:09:24','2024-03-03 07:09:24','2025-03-03 07:09:24'),('ab0c7c4a366e90db9083ab580e5da830240a588d293af04e0b4785c6a0b91585ed082968d818d6bc',1,1,'authToken','[]',0,'2024-03-09 03:23:24','2024-03-09 03:23:24','2025-03-09 03:23:24'),('abb863ed167e50016477b61148cc17232ef2800bd188260c019465051b215c87019b398a9d2194d6',27,1,'authToken','[]',0,'2024-03-07 14:39:48','2024-03-07 14:39:48','2025-03-07 14:39:48'),('ac012d30eb840c6e40409d86cfd1f5f88ebe8283eaacb73be01a16b1f500ef67234c4761d02509e1',26,1,'authToken','[]',0,'2024-03-01 23:56:20','2024-03-01 23:56:20','2025-03-01 23:56:20'),('acdc104894d266f706da93eb2562d0e815b95d99cba845e4ba3b5fe4e62cc5b7e1e1420158e2c6c0',32,1,'authToken','[]',0,'2024-03-07 16:05:23','2024-03-07 16:05:23','2025-03-07 16:05:23'),('ad7ad8d872b52a76a543ba6ee68d4a0e938a4cf353f5d9defdbd035c9e6abee9706a091457dde148',26,1,'authToken','[]',0,'2024-03-02 00:08:05','2024-03-02 00:08:05','2025-03-02 00:08:05'),('b04d27dce867532e8018fa9cd40f86cb15cdb46144f6c2142d98cbe6f294257278426625afe00d8d',32,1,'authToken','[]',0,'2024-03-07 15:47:13','2024-03-07 15:47:13','2025-03-07 15:47:13'),('b3058945d3f526fd40f81b733f37ff5ab288082e791bd31cb3aec92642ca905f6375f66528125c19',26,1,'authToken','[]',0,'2024-03-01 23:48:12','2024-03-01 23:48:12','2025-03-01 23:48:12'),('b39b6aa092f79a0abfc0f8fcf2c795b2255589f4e32a700b814c4a1b1964ec992a6af52fc1d14aeb',26,1,'authToken','[]',0,'2024-03-03 07:09:13','2024-03-03 07:09:13','2025-03-03 07:09:13'),('b4eda964ef1ce9395bd7c81785279d53d9feb87635c8895645f7a3d31263fd85ed6399f1d385add8',1,1,'authToken','[]',0,'2024-03-09 06:40:40','2024-03-09 06:40:40','2025-03-09 06:40:40'),('b5678414737d1e980adcab0a61f65c6c62e95426a82ac4e5968deacbfee318830f447f2a41f38d70',32,1,'authToken','[]',0,'2024-03-07 16:09:21','2024-03-07 16:09:21','2025-03-07 16:09:21'),('b63e8b9d69ecd088821483b1dd20f3c316bd52c05afccfedd7fe6bc297d7708d95a536b2a17e3844',26,1,'authToken','[]',0,'2024-03-07 16:46:15','2024-03-07 16:46:15','2025-03-07 16:46:15'),('b7e76347de6a141f10313e137ca0f09c596c5a2bd12793cd51c6ae8dd759bc74a8287ac9fbf1e91e',26,1,'authToken','[]',0,'2024-03-03 07:09:46','2024-03-03 07:09:46','2025-03-03 07:09:46'),('b9b897a017250f2bdd7fdbfd9b3ae81f0e25a0f07e4b2af345d825174037b7182152c3c3298bcdcb',26,1,'authToken','[]',0,'2024-02-29 04:23:44','2024-02-29 04:23:44','2025-03-01 04:23:44'),('bb4d8d68872024a26beb01a9f73a3ddfbb7d5268a94b16b934ec59dadcea46f0e41bd75057498394',26,1,'authToken','[]',0,'2024-02-29 05:31:57','2024-02-29 05:31:57','2025-03-01 05:31:57'),('bd7891c2396b82af4c0e55dac07f073b611b3bb440cd4ed939cf41f512ab5938ebf1b8a14ba809ae',1,1,'authToken','[]',0,'2024-03-09 07:47:03','2024-03-09 07:47:03','2025-03-09 07:47:03'),('bd9f58e7c9e95e9c9bdbdb61a7236a410a03416a2b04db1f7a1aace1a352766bc4a5a15d7afbf10a',26,1,'authToken','[]',0,'2024-03-02 00:13:03','2024-03-02 00:13:03','2025-03-02 00:13:03'),('be1ca941c52aa1ebe473f06c442202f70b81fb98f35d2cac69889588924ef2cb29d08c35b6975fb4',26,1,'authToken','[]',0,'2024-03-01 18:09:16','2024-03-01 18:09:17','2025-03-01 18:09:16'),('bf1a4455957d19328da0bcf6634bc96676935351ede7a096f24882e097363bf2cac744978d3079ae',26,1,'authToken','[]',0,'2024-02-27 19:56:45','2024-02-27 19:56:45','2025-02-27 19:56:45'),('bf8f3885bdf350e3968d6bae1d6499e3566ef4ef493049f53601e3ff8e10085eb0116c9cee0d69f3',1,1,'authToken','[]',0,'2024-03-09 03:21:57','2024-03-09 03:21:57','2025-03-09 03:21:57'),('c1702f422c9da342302f6dab75a82723762610f99e605f83762a4345fcb236bfe802eadc6da3c628',26,1,'authToken','[]',0,'2024-03-01 23:48:37','2024-03-01 23:48:37','2025-03-01 23:48:37'),('c22cbe15497fe5c7abf74806e478c45979e062259869eed64c4d84f610843418c772627bdd6ec58f',26,1,'authToken','[]',0,'2024-02-29 04:30:16','2024-02-29 04:30:16','2025-03-01 04:30:16'),('c23027679b32912a6595865aa6ee84062b351e9c55867ad540c44fc5f48d446c0a7b7a6bed09a8df',1,1,'authToken','[]',0,'2024-03-09 03:25:49','2024-03-09 03:25:49','2025-03-09 03:25:49'),('c336634643b2d0281dfb5a84fe45c7704349ebddf50e15691c7c2361a4e08ae23c2af63edad78e91',32,1,'authToken','[]',0,'2024-03-07 16:05:45','2024-03-07 16:05:45','2025-03-07 16:05:45'),('c3cc1ae8459953ca2da287dc62d09db136c2936ca62e2c36cc3dc0fb2da218d5722c287a4b65b698',26,1,'authToken','[]',0,'2024-02-29 04:23:42','2024-02-29 04:23:42','2025-03-01 04:23:42'),('c47a7032fbb5c62f3f1336e3a0e23bd865e19f14ad64dd40059c3eea2c8c6e0495954380009d1481',26,1,'authToken','[]',0,'2024-03-07 09:21:32','2024-03-07 09:21:32','2025-03-07 09:21:32'),('c59b997c955d61b274f3ae7423f712c067bca4e21f2b6117c795791ea851abdbac16da519b9f9527',26,1,'authToken','[]',0,'2024-03-03 09:15:54','2024-03-03 09:15:54','2025-03-03 09:15:54'),('c67b67962e03488e744087728f2d486191a441c6f0766e57ba66b4ece591543affd8411e274ffe0e',26,1,'authToken','[]',0,'2024-03-02 00:16:09','2024-03-02 00:16:09','2025-03-02 00:16:09'),('c7297ba4df8b71998792de535854a035736c5d5222929e3dd9a64b693b8b476c718df061a630c79e',1,1,'authToken','[]',0,'2024-03-09 08:06:00','2024-03-09 08:06:00','2025-03-09 08:06:00'),('c93ffd3bf26e01fc96ab98585ab3dfbd41c2eb93963e0a5ac31590a5aebbf962821b2636372b7304',1,1,'authToken','[]',0,'2024-03-09 08:06:03','2024-03-09 08:06:03','2025-03-09 08:06:03'),('c95d6f1671fa28c5bf6e4031a3da074f277633c42be14b2e6a867c29eae5c848442e14ac44f9a19e',26,1,'authToken','[]',0,'2024-03-07 09:02:18','2024-03-07 09:02:18','2025-03-07 09:02:18'),('c9f3e83619a9a3a72c23d4c8dd0f3063af7854435633ac264bcbd09dc0b745169fd28e1db3396f69',1,1,'authToken','[]',0,'2024-03-09 06:12:09','2024-03-09 06:12:09','2025-03-09 06:12:09'),('ce01e518aaa902fbb76eff52e2e7e32a9270fab8bbc1bc6a59536ec3d03c0c0346e0a9e185caa1ca',26,1,'authToken','[]',0,'2024-03-07 09:48:05','2024-03-07 09:48:06','2025-03-07 09:48:05'),('cea48ece0e27a67696632b87a5be9ed55bdf23399b4a1caf4cc8df61498b8c9a9b1034293c7f3276',32,1,'authToken','[]',0,'2024-03-07 15:43:43','2024-03-07 15:43:43','2025-03-07 15:43:43'),('d049bc1200db8ba29f9cef25deabaa6885408fe482cbcc5940d217e9c666158926892c0bde40cb7d',26,1,'authToken','[]',0,'2024-03-07 16:11:05','2024-03-07 16:11:05','2025-03-07 16:11:05'),('d0c08c369920d9498f80c5c5414d53209b2534957d5aa374e61eeb35a6a71a158e6d497e6695983a',26,1,'authToken','[]',0,'2024-03-07 15:51:09','2024-03-07 15:51:09','2025-03-07 15:51:09'),('d12b9119602eb41e1456bd0c21a95ab3f6d42567f1ff684f07a49bcccc26caacd3dbbe1870809ebb',26,1,'authToken','[]',0,'2024-03-03 07:09:22','2024-03-03 07:09:22','2025-03-03 07:09:22'),('d322fdb6e09c171feff73646af74ff832c090cf576e5acd7d6a276cb9ad35f4b8339fae402840782',26,1,'authToken','[]',0,'2024-03-01 23:33:35','2024-03-01 23:33:35','2025-03-01 23:33:35'),('d335ffef116fc4b3bbe4f387c773c4a348702d3517a0899da21c3ecef35c05341b50e3e2ffb026e0',26,1,'authToken','[]',0,'2024-03-07 09:50:29','2024-03-07 09:50:29','2025-03-07 09:50:29'),('d3a402538a3ebec02a3d671b09cf316e5033417a5079c7685123716b6c22c73f496fd7be0c2e9648',26,1,'authToken','[]',0,'2024-03-02 02:00:59','2024-03-02 02:00:59','2025-03-02 02:00:59'),('d4c084e6de539a75fc66d16c6ef98ab6ed6f5258be81ac32ca9b922fdd3f3b5ba733659e4790fec6',26,1,'authToken','[]',0,'2024-02-29 05:36:25','2024-02-29 05:36:25','2025-03-01 05:36:25'),('d563d86af53529099b903e1fd61ee3a0ff59ddfc8252a5975bb484dab248df530383c03b260034d6',32,1,'authToken','[]',0,'2024-03-07 15:40:49','2024-03-07 15:40:49','2025-03-07 15:40:49'),('d5efe7e20614fba3c470cb3e7feee53f39b9b560c4ada8f9d7906ac803d03cbaf30af2908be13af6',1,1,'authToken','[]',0,'2024-03-09 06:29:11','2024-03-09 06:29:11','2025-03-09 06:29:11'),('d84e60e08c08913897167327e2333f4bf5362bffc2e5dd598e46c056f1fafbb0bdbc2d261f6e9823',1,1,'authToken','[]',0,'2024-03-09 07:55:33','2024-03-09 07:55:33','2025-03-09 07:55:33'),('d957d2ac45349520c960ed56a7e5c449328f8ee3ef00ead1c80b9e8d161406edcc06955e76fdb9b0',26,1,'authToken','[]',0,'2024-03-07 10:01:12','2024-03-07 10:01:12','2025-03-07 10:01:12'),('dbe6e349019df9b6e5ef89095c99429964c5740cca1d62edb8890ac667542393ab3caa81fff13b32',1,1,'authToken','[]',0,'2024-03-09 03:15:08','2024-03-09 03:15:09','2025-03-09 03:15:08'),('dd2e2ded420da527bcf4b92c13e3c52f1d44f194d62441cd9128ccaf3675b4732276c4c06fe357d8',1,1,'authToken','[]',0,'2024-03-09 03:08:52','2024-03-09 03:08:52','2025-03-09 03:08:52'),('de5699a01052b1284cb9598b424d4ceec9536fa8e994625595807adddb1429edfdfb11d5fe258e1f',27,1,'authToken','[]',0,'2024-03-07 14:39:47','2024-03-07 14:39:47','2025-03-07 14:39:47'),('def492d7c2dbf66707da7517fb37d71899224408279975d1bd0c29dc04c404e112c73bd2b2975552',26,1,'authToken','[]',0,'2024-03-01 23:41:20','2024-03-01 23:41:20','2025-03-01 23:41:20'),('df2408db1836d174b29d4131fa80cf5831f94768b44bb78754df3c0af2e9a6b8ff55a0408c66bbfc',1,1,'authToken','[]',0,'2024-03-09 03:34:20','2024-03-09 03:34:20','2025-03-09 03:34:20'),('e0634130cb24d62f3dce07b74371a78c19a62e8c41da5d124c328f08ceb84344beb6dce51c2e8c9b',1,1,'authToken','[]',0,'2024-03-09 04:10:13','2024-03-09 04:10:13','2025-03-09 04:10:13'),('e1d2e010ea9a36b63a032c8f58fd0460b0a4ae95572aa4f61660f286a81b9ac1da450ec77e138f4f',26,1,'authToken','[]',0,'2024-03-07 09:17:16','2024-03-07 09:17:16','2025-03-07 09:17:16'),('e5e6c0dfe2c4262490ec5a4d57a220eb785bc66e0e397095e01c10a6fcb4915c15dd1904bc76571d',26,1,'authToken','[]',0,'2024-03-02 00:10:56','2024-03-02 00:10:56','2025-03-02 00:10:56'),('e7a84d53ffa8497d3f3a6c968250ed7c4b154faedd37f832ed38864d185e545e21f0e3acf9449458',26,1,'authToken','[]',0,'2024-03-02 01:54:15','2024-03-02 01:54:15','2025-03-02 01:54:15'),('e7d6b06559e55e00e9185b4976b19235cec0907dc41978b864e278edc2943d6f2d69791eeae21b53',26,1,'authToken','[]',0,'2024-03-01 23:35:41','2024-03-01 23:35:42','2025-03-01 23:35:41'),('e822bbbbcae9ac93f829b4a4e1786cb675a4526ccf0032ce8e523694aaf8460b3297c4b705b9d1ff',1,1,'authToken','[]',0,'2024-03-09 03:19:39','2024-03-09 03:19:39','2025-03-09 03:19:39'),('e8e2d2634579a5df280213d039c63afe5e3de7b3ae5c80cea6ac6c86e888eaf5134de58d65f018d5',26,1,'authToken','[]',0,'2024-03-01 23:40:00','2024-03-01 23:40:00','2025-03-01 23:40:00'),('e8e790c9e320964338b61f44009b4bd8c35abfcbe7bbb6fba5a94b72bceb9f86476522dea60dfc70',1,1,'authToken','[]',0,'2024-03-09 02:58:59','2024-03-09 02:58:59','2025-03-09 02:58:59'),('e9eab335febb75b7284784c866a62ee28f8f6792765940ae41681f64677693d8b09349a96201cbe3',32,1,'authToken','[]',0,'2024-03-07 15:54:47','2024-03-07 15:54:47','2025-03-07 15:54:47'),('e9eb57e92f27c6f7dc5b8561cde186e5f06d24e4ede0bbd7445ebd11b76e12d1467a3f67da79b7b3',26,1,'authToken','[]',0,'2024-03-02 01:48:42','2024-03-02 01:48:42','2025-03-02 01:48:42'),('eaad040285c7eb8145c8633f832d2b18c301ea08219eb35bb9b4573b9e26a483c08d537b61a73db6',1,1,'authToken','[]',0,'2024-03-09 03:29:38','2024-03-09 03:29:38','2025-03-09 03:29:38'),('ee90e713d34dfaadbd9f9c00343654bd3f03499b9398a617e600ea2b121b093ab1d20947cfb0a74c',26,1,'authToken','[]',0,'2024-02-29 05:24:11','2024-02-29 05:24:11','2025-03-01 05:24:11'),('ef11a41a16ad18448c31253483c89ad78e871d32bb6b7f92a4ad5572a87cab6cf4649d2d84aa53e0',26,1,'authToken','[]',0,'2024-02-29 04:23:43','2024-02-29 04:23:43','2025-03-01 04:23:43'),('eff16d2b8716620c7a3e53c81eef67199b18746f85de1517a353e027738ea96c7d39070bc35eba83',32,1,'authToken','[]',0,'2024-03-07 15:43:09','2024-03-07 15:43:09','2025-03-07 15:43:09'),('f22fc1b7180e034ccaaf5eac386c5a2f973eee5a91fe415f1ff826070d06a1cd8fb120f668646ff0',27,1,'authToken','[]',0,'2024-03-07 14:39:38','2024-03-07 14:39:40','2025-03-07 14:39:38'),('f5bea6170703237049df5487dd123d87212ca4098ef2000f00eed61eefb89ae79014a4dca969b567',32,1,'authToken','[]',0,'2024-03-07 15:57:05','2024-03-07 15:57:06','2025-03-07 15:57:05'),('f8dd65baffd04f195e86fdbbcb5edc30321cc6cf41d80114d868df5ba7f0b206ad83806490ed1919',26,1,'authToken','[]',0,'2024-03-07 10:07:23','2024-03-07 10:07:23','2025-03-07 10:07:23'),('f9dfc85bb40dd8798e6ea572df9964db9d3264021fa0cc2e5a9226ee69ebe0e0e0953a0e7e65f163',1,1,'authToken','[]',0,'2024-03-09 06:17:12','2024-03-09 06:17:13','2025-03-09 06:17:12'),('fc25a24942da826c30fbf98ede30cf5f9f26cb8e23748927620d570717ce4d1dd27f4d9b95403729',26,1,'authToken','[]',0,'2024-03-07 09:06:38','2024-03-07 09:06:38','2025-03-07 09:06:38'),('fc6c1724c5af38a402c411406119f500fd6be435fa6f57c54739881245b97e49217db87f66a09da1',33,1,'authToken','[]',0,'2024-03-07 19:45:18','2024-03-07 19:45:18','2025-03-07 19:45:18'),('fcd473ee616f0b07950fd17ceb2ed6a9f1b6e9fc42d4a8f5c31fa20a85c4d38e7052279119ca9ff2',26,1,'authToken','[]',0,'2024-03-07 16:46:38','2024-03-07 16:46:38','2025-03-07 16:46:38');
/*!40000 ALTER TABLE `oauth_access_tokens` ENABLE KEYS */;

#
# Structure for table "oauth_auth_codes"
#

DROP TABLE IF EXISTS `oauth_auth_codes`;
CREATE TABLE `oauth_auth_codes` (
  `id` varchar(100) COLLATE utf8mb4_unicode_ci NOT NULL,
  `user_id` bigint unsigned NOT NULL,
  `client_id` bigint unsigned NOT NULL,
  `scopes` text COLLATE utf8mb4_unicode_ci,
  `revoked` tinyint(1) NOT NULL,
  `expires_at` datetime DEFAULT NULL,
  PRIMARY KEY (`id`),
  KEY `oauth_auth_codes_user_id_index` (`user_id`)
) ENGINE=MyISAM DEFAULT CHARSET=utf8mb4 COLLATE=utf8mb4_unicode_ci;

#
# Data for table "oauth_auth_codes"
#


#
# Structure for table "oauth_clients"
#

DROP TABLE IF EXISTS `oauth_clients`;
CREATE TABLE `oauth_clients` (
  `id` bigint unsigned NOT NULL AUTO_INCREMENT,
  `user_id` bigint unsigned DEFAULT NULL,
  `name` varchar(191) COLLATE utf8mb4_unicode_ci NOT NULL,
  `secret` varchar(100) COLLATE utf8mb4_unicode_ci DEFAULT NULL,
  `provider` varchar(191) COLLATE utf8mb4_unicode_ci DEFAULT NULL,
  `redirect` text COLLATE utf8mb4_unicode_ci NOT NULL,
  `personal_access_client` tinyint(1) NOT NULL,
  `password_client` tinyint(1) NOT NULL,
  `revoked` tinyint(1) NOT NULL,
  `created_at` timestamp NULL DEFAULT NULL,
  `updated_at` timestamp NULL DEFAULT NULL,
  PRIMARY KEY (`id`),
  KEY `oauth_clients_user_id_index` (`user_id`)
) ENGINE=MyISAM AUTO_INCREMENT=5 DEFAULT CHARSET=utf8mb4 COLLATE=utf8mb4_unicode_ci;

#
# Data for table "oauth_clients"
#

/*!40000 ALTER TABLE `oauth_clients` DISABLE KEYS */;
INSERT INTO `oauth_clients` VALUES (1,NULL,'ConectaPro Personal Access Client','P6TzzoF5m5jByMDiJ6GpHZLRnn2SrEGkWN3sKPLv',NULL,'http://localhost',1,0,0,'2024-02-27 19:56:40','2024-02-27 19:56:40'),(2,NULL,'ConectaPro Password Grant Client','QLtifSqLlO4yOZ2hOemg4HQddS3yhdR91se0LaSi','users','http://localhost',0,1,0,'2024-02-27 19:56:40','2024-02-27 19:56:40'),(3,NULL,'ConectaPro Personal Access Client','3BhIDG9RYahxkjNya4IaQndDEx5Q76CBtlw9YGsR',NULL,'http://localhost',1,0,0,'2024-03-09 09:15:02','2024-03-09 09:15:02'),(4,NULL,'ConectaPro Password Grant Client','1N2EMvfUuqrXTFPUp73RVKHbJNxLXeTG9Cn318X0','users','http://localhost',0,1,0,'2024-03-09 09:15:02','2024-03-09 09:15:02');
/*!40000 ALTER TABLE `oauth_clients` ENABLE KEYS */;

#
# Structure for table "oauth_personal_access_clients"
#

DROP TABLE IF EXISTS `oauth_personal_access_clients`;
CREATE TABLE `oauth_personal_access_clients` (
  `id` bigint unsigned NOT NULL AUTO_INCREMENT,
  `client_id` bigint unsigned NOT NULL,
  `created_at` timestamp NULL DEFAULT NULL,
  `updated_at` timestamp NULL DEFAULT NULL,
  PRIMARY KEY (`id`)
) ENGINE=MyISAM AUTO_INCREMENT=3 DEFAULT CHARSET=utf8mb4 COLLATE=utf8mb4_unicode_ci;

#
# Data for table "oauth_personal_access_clients"
#

/*!40000 ALTER TABLE `oauth_personal_access_clients` DISABLE KEYS */;
INSERT INTO `oauth_personal_access_clients` VALUES (1,1,'2024-02-27 19:56:40','2024-02-27 19:56:40'),(2,3,'2024-03-09 09:15:02','2024-03-09 09:15:02');
/*!40000 ALTER TABLE `oauth_personal_access_clients` ENABLE KEYS */;

#
# Structure for table "oauth_refresh_tokens"
#

DROP TABLE IF EXISTS `oauth_refresh_tokens`;
CREATE TABLE `oauth_refresh_tokens` (
  `id` varchar(100) COLLATE utf8mb4_unicode_ci NOT NULL,
  `access_token_id` varchar(100) COLLATE utf8mb4_unicode_ci NOT NULL,
  `revoked` tinyint(1) NOT NULL,
  `expires_at` datetime DEFAULT NULL,
  PRIMARY KEY (`id`),
  KEY `oauth_refresh_tokens_access_token_id_index` (`access_token_id`)
) ENGINE=MyISAM DEFAULT CHARSET=utf8mb4 COLLATE=utf8mb4_unicode_ci;

#
# Data for table "oauth_refresh_tokens"
#


#
# Structure for table "orders"
#

DROP TABLE IF EXISTS `orders`;
CREATE TABLE `orders` (
  `id` bigint unsigned NOT NULL AUTO_INCREMENT,
  `name` varchar(191) COLLATE utf8mb4_unicode_ci NOT NULL,
  `phone` varchar(191) COLLATE utf8mb4_unicode_ci NOT NULL,
  `email` varchar(191) COLLATE utf8mb4_unicode_ci NOT NULL,
  `additional_details` text COLLATE utf8mb4_unicode_ci,
  `service_id` bigint unsigned NOT NULL,
  `specialist_id` bigint unsigned NOT NULL,
  `user_id` bigint unsigned NOT NULL,
  `order_status` varchar(191) COLLATE utf8mb4_unicode_ci NOT NULL DEFAULT 'pending',
  `created_at` timestamp NULL DEFAULT NULL,
  `updated_at` timestamp NULL DEFAULT NULL,
  PRIMARY KEY (`id`)
) ENGINE=MyISAM DEFAULT CHARSET=utf8mb4 COLLATE=utf8mb4_unicode_ci;

#
# Data for table "orders"
#


#
# Structure for table "password_reset_tokens"
#

DROP TABLE IF EXISTS `password_reset_tokens`;
CREATE TABLE `password_reset_tokens` (
  `email` varchar(191) COLLATE utf8mb4_unicode_ci NOT NULL,
  `token` varchar(191) COLLATE utf8mb4_unicode_ci NOT NULL,
  `created_at` timestamp NULL DEFAULT NULL,
  PRIMARY KEY (`email`)
) ENGINE=MyISAM DEFAULT CHARSET=utf8mb4 COLLATE=utf8mb4_unicode_ci;

#
# Data for table "password_reset_tokens"
#


#
# Structure for table "personal_access_tokens"
#

DROP TABLE IF EXISTS `personal_access_tokens`;
CREATE TABLE `personal_access_tokens` (
  `id` bigint unsigned NOT NULL AUTO_INCREMENT,
  `tokenable_type` varchar(191) COLLATE utf8mb4_unicode_ci NOT NULL,
  `tokenable_id` bigint unsigned NOT NULL,
  `name` varchar(191) COLLATE utf8mb4_unicode_ci NOT NULL,
  `token` varchar(64) COLLATE utf8mb4_unicode_ci NOT NULL,
  `abilities` text COLLATE utf8mb4_unicode_ci,
  `last_used_at` timestamp NULL DEFAULT NULL,
  `expires_at` timestamp NULL DEFAULT NULL,
  `created_at` timestamp NULL DEFAULT NULL,
  `updated_at` timestamp NULL DEFAULT NULL,
  PRIMARY KEY (`id`),
  UNIQUE KEY `personal_access_tokens_token_unique` (`token`),
  KEY `personal_access_tokens_tokenable_type_tokenable_id_index` (`tokenable_type`,`tokenable_id`)
) ENGINE=MyISAM DEFAULT CHARSET=utf8mb4 COLLATE=utf8mb4_unicode_ci;

#
# Data for table "personal_access_tokens"
#


#
# Structure for table "recommendations"
#

DROP TABLE IF EXISTS `recommendations`;
CREATE TABLE `recommendations` (
  `id` bigint unsigned NOT NULL AUTO_INCREMENT,
  `user_id` int NOT NULL,
  `specialist_id` int NOT NULL,
  `comment` varchar(191) COLLATE utf8mb4_unicode_ci NOT NULL,
  `rating` decimal(3,1) NOT NULL,
  `service_id` int NOT NULL,
  `created_at` timestamp NULL DEFAULT NULL,
  `updated_at` timestamp NULL DEFAULT NULL,
  PRIMARY KEY (`id`)
) ENGINE=MyISAM AUTO_INCREMENT=34 DEFAULT CHARSET=utf8mb4 COLLATE=utf8mb4_unicode_ci;

#
# Data for table "recommendations"
#

/*!40000 ALTER TABLE `recommendations` DISABLE KEYS */;
INSERT INTO `recommendations` VALUES (1,31,1,'Excelente servicio de plomería, solucionó mi problema rápidamente.',4.5,1,NULL,NULL),(2,32,2,'El electricista fue muy profesional y resolvió el problema de manera eficiente.',4.2,2,NULL,NULL),(3,33,3,'El carpintero hizo un trabajo impecable en la instalación de los muebles.',4.8,3,NULL,NULL),(4,34,4,'Jardinero muy comprometido, dejó mi jardín en perfecto estado.',4.7,4,NULL,NULL),(5,35,5,'El pintor hizo un trabajo de calidad, los colores son vibrantes y duraderos.',4.6,5,NULL,NULL),(6,36,6,'Excelente trabajo de albañilería, cumplió con todas las expectativas.',4.4,6,NULL,NULL),(7,37,7,'El herrero creó una puerta hermosa y resistente, estoy muy satisfecho.',4.9,7,NULL,NULL),(8,38,8,'Servicio de cerrajería rápido y eficiente, solucionó el problema de inmediato.',4.3,8,NULL,NULL),(9,39,9,'El vidriero hizo un reemplazo perfecto de una ventana rota, muy profesional.',4.7,9,NULL,NULL),(10,40,10,'Servicio de limpieza impecable, mi casa quedó reluciente.',4.5,10,NULL,NULL),(11,41,11,'Fumigación profesional, me deshice de todas las plagas molestas.',4.8,11,NULL,NULL),(12,42,12,'Servicio de mudanzas eficiente y cuidadoso con mis pertenencias.',4.6,12,NULL,NULL),(13,43,13,'Impermeabilización de alta calidad, no tengo filtraciones desde entonces.',4.9,13,NULL,NULL),(14,44,14,'Instalación de pisos perfecta, el especialista eligió materiales de calidad.',4.7,14,NULL,NULL),(15,45,15,'Techos bien instalados, resistieron sin problemas las condiciones climáticas.',4.5,15,NULL,NULL),(16,46,16,'Ventanas instaladas de manera precisa, mi hogar se ve más moderno.',4.4,16,NULL,NULL),(17,47,17,'Puertas instaladas de forma segura y estéticamente agradables.',4.6,17,NULL,NULL),(18,48,18,'Cocina instalada con habilidad, los electrodomésticos funcionan perfectamente.',4.8,18,NULL,NULL),(19,31,19,'Baño instalado de manera eficiente, diseño moderno y funcionalidad.',4.7,19,NULL,NULL),(20,32,20,'Instalación de aire acondicionado sin problemas, ahora tengo un ambiente fresco.',4.5,20,NULL,NULL),(21,33,21,'Reparación de electrodomésticos rápida y efectiva, todo funciona como nuevo.',4.9,21,NULL,NULL),(22,34,22,'Reparación de computadoras, mi laptop volvió a la vida, gracias.',4.6,22,NULL,NULL),(23,35,23,'Reparación de celulares, mi teléfono funciona mejor que nunca.',4.8,23,NULL,NULL),(24,36,24,'Reparación de automóviles excelente, el especialista sabe mucho de mecánica.',4.7,24,NULL,NULL),(25,37,25,'Reparación de bicicletas, mi bicicleta está lista para la aventura.',4.5,25,NULL,NULL),(26,38,26,'Reparación de motocicletas rápida y confiable, ahora puedo rodar sin problemas.',4.4,26,NULL,NULL),(27,39,27,'Reparación de muebles, devolvieron la vida a mis antiguos muebles.',4.6,27,NULL,NULL),(28,40,28,'Reparación de relojes, mi reloj ahora marca el tiempo con precisión.',4.7,28,NULL,NULL),(29,1,1,'HOLA',1.0,2,'2024-03-16 21:29:29','2024-03-16 21:31:34'),(30,58,1,'Buen servicio',5.0,1,'2024-03-16 23:43:18','2024-03-16 23:43:18'),(31,51,6,'sdasdas',3.0,6,'2024-03-16 23:43:46','2024-03-16 23:43:46'),(32,58,5,'Gracias!',5.0,5,'2024-03-16 23:50:23','2024-03-16 23:50:23'),(33,4,9,'Hola buen servicio like!',5.0,9,'2024-03-17 03:19:49','2024-03-17 03:19:49');
/*!40000 ALTER TABLE `recommendations` ENABLE KEYS */;

#
# Structure for table "services"
#

DROP TABLE IF EXISTS `services`;
CREATE TABLE `services` (
  `id` bigint unsigned NOT NULL AUTO_INCREMENT,
  `name` varchar(191) COLLATE utf8mb4_unicode_ci NOT NULL,
  `description` varchar(191) COLLATE utf8mb4_unicode_ci NOT NULL,
  `category_id` int NOT NULL,
  `image` varchar(191) COLLATE utf8mb4_unicode_ci NOT NULL DEFAULT 'placeholder.png',
  `availability` varchar(191) COLLATE utf8mb4_unicode_ci NOT NULL DEFAULT 'Disponible',
  `specialist_id` int NOT NULL,
  `user_id` int NOT NULL,
  `created_at` timestamp NULL DEFAULT NULL,
  `updated_at` timestamp NULL DEFAULT NULL,
  PRIMARY KEY (`id`)
) ENGINE=MyISAM AUTO_INCREMENT=35 DEFAULT CHARSET=utf8mb4 COLLATE=utf8mb4_unicode_ci;

#
# Data for table "services"
#

/*!40000 ALTER TABLE `services` DISABLE KEYS */;
INSERT INTO `services` VALUES (1,'Plomeria','Servicio de plomería profesional',1,'1.jpg','Disponible',1,1,NULL,NULL),(2,'Electricistas','Servicio de electricidad profesional',2,'2.jpg','Disponible',2,2,NULL,NULL),(3,'Carpintería','Servicio de carpintería profesional',3,'3.jpg','Disponible',3,3,NULL,NULL),(4,'Jardinería','Servicio de jardinería profesional',4,'4.jpg','Disponible',4,4,NULL,NULL),(5,'Pintura','Servicio de pintura profesional',5,'5.jpg','Disponible',5,5,NULL,NULL),(6,'Albañilería','Servicio de albañilería profesional',1,'6.jpg','Disponible',6,6,NULL,NULL),(7,'Herrería','Servicio de herrería profesional',2,'placeholder.jpg','Disponible',7,7,NULL,NULL),(8,'Cerrajería','Servicio de cerrajería profesional',3,'placeholder.jpg','Disponible',8,8,NULL,NULL),(9,'Vidriería','Servicio de vidriería profesional',4,'placeholder.jpg','Disponible',9,9,NULL,NULL),(10,'Limpieza','Servicio de limpieza profesional',5,'placeholder.jpg','Disponible',10,10,NULL,NULL),(11,'Fumigación','Servicio de fumigación profesional',1,'placeholder.jpg','Disponible',11,11,NULL,NULL),(12,'Mudanzas','Servicio de mudanzas profesional',2,'placeholder.jpg','Disponible',12,12,NULL,NULL),(13,'Impermeabilización','Servicio de impermeabilización profesional',3,'placeholder.jpg','Disponible',13,13,NULL,NULL),(14,'Instalación de pisos','Servicio de instalación de pisos profesional',4,'placeholder.jpg','Disponible',14,14,NULL,NULL),(15,'Instalación de techos','Servicio de instalación de techos profesional',5,'placeholder.jpg','Disponible',15,15,NULL,NULL),(16,'Instalación de ventanas','Servicio de instalación de ventanas profesional',1,'placeholder.jpg','Disponible',16,16,NULL,NULL),(17,'Instalación de puertas','Servicio de instalación de puertas profesional',2,'placeholder.jpg','Disponible',17,17,NULL,NULL),(18,'Instalación de cocinas','Servicio de instalación de cocinas profesional',3,'placeholder.jpg','Disponible',18,18,NULL,NULL),(19,'Instalación de baños','Servicio de instalación de baños profesional',4,'placeholder.jpg','Disponible',19,19,NULL,NULL),(20,'Instalación de aire acondicionado','Servicio de instalación de aire acondicionado profesional',5,'placeholder.jpg','Disponible',20,20,NULL,NULL),(21,'Reparación de electrodomésticos','Servicio de reparación de electrodomésticos profesional',1,'placeholder.jpg','Disponible',21,21,NULL,NULL),(22,'Reparación de computadoras','Servicio de reparación de computadoras profesional',6,'placeholder.jpg','Disponible',22,22,NULL,NULL),(23,'Reparación de celulares','Servicio de reparación de celulares profesional',6,'placeholder.jpg','Disponible',23,23,NULL,NULL),(24,'Reparación de automóviles','Servicio de reparación de automóviles profesional',6,'placeholder.jpg','Disponible',24,24,NULL,NULL),(25,'Reparación de bicicletas','Servicio de reparación de bicicletas profesional',6,'placeholder.jpg','Disponible',25,25,NULL,NULL),(26,'Reparación de motocicletas','Servicio de reparación de motocicletas profesional',6,'placeholder.jpg','Disponible',26,26,NULL,NULL),(27,'Reparación de muebles','Servicio de reparación de muebles profesional',2,'placeholder.jpg','Disponible',27,27,NULL,NULL),(28,'Reparación de relojes','Servicio de reparación de relojes profesional',3,'placeholder.jpg','Disponible',28,28,NULL,NULL),(29,'Reparación de joyería','Servicio de reparación de joyería profesional',4,'placeholder.jpg','Disponible',29,29,NULL,NULL),(30,'Reparación de calzado','Servicio de reparación de calzado profesional',5,'placeholder.jpg','Disponible',30,30,NULL,NULL),(33,'Diseño Web','Servicio de creacion de apps',13,'65f6431742cb4.png','Disponible',29,29,'2024-03-17 01:10:47','2024-03-17 01:10:47'),(34,'dcsdcsd','hola',1,'65f66164e894f.png','Disponible',1,1,'2024-03-17 03:20:04','2024-03-17 03:20:04');
/*!40000 ALTER TABLE `services` ENABLE KEYS */;

#
# Structure for table "specialists"
#

DROP TABLE IF EXISTS `specialists`;
CREATE TABLE `specialists` (
  `id` bigint unsigned NOT NULL AUTO_INCREMENT,
  `description` varchar(191) COLLATE utf8mb4_unicode_ci NOT NULL,
  `image` varchar(191) COLLATE utf8mb4_unicode_ci NOT NULL DEFAULT 'placeholder.png',
  `user_id` int NOT NULL,
  `category_id` int NOT NULL,
  `specialities_id` int NOT NULL,
  `created_at` timestamp NULL DEFAULT NULL,
  `updated_at` timestamp NULL DEFAULT NULL,
  PRIMARY KEY (`id`)
) ENGINE=MyISAM AUTO_INCREMENT=36 DEFAULT CHARSET=utf8mb4 COLLATE=utf8mb4_unicode_ci;

#
# Data for table "specialists"
#

/*!40000 ALTER TABLE `specialists` DISABLE KEYS */;
INSERT INTO `specialists` VALUES (1,'Soy un plomero con más de 3 años de experiencia. He trabajado en Hermosillo, Obregón y otras ciudades. Estudié ingeniería en la universidad y estoy comprometido con proporcionar servicios de ','placeholder.png',1,1,1,'2024-03-08 18:52:43','2024-03-08 18:52:43'),(2,'Electricista profesional con un enfoque en la seguridad y la eficiencia. Cuento con habilidades avanzadas en la resolución de problemas eléctricos. Mi objetivo es garantizar la satisfacción d','placeholder.png',2,2,2,'2024-03-08 18:52:43','2024-03-08 18:52:43'),(3,'Carpintero con habilidades excepcionales en el diseño y la fabricación de muebles a medida. Mi enfoque es combinar la funcionalidad con la estética. Estoy comprometido con la excelencia en ca','placeholder.png',3,3,3,'2024-03-08 18:52:43','2024-03-08 18:52:43'),(4,'Jardinero con pasión por la creación y el mantenimiento de espacios verdes hermosos. Tengo experiencia en el diseño de jardines y la selección de plantas adecuadas. Mi objetivo es transformar','placeholder.png',4,4,4,'2024-03-08 18:52:43','2024-03-08 18:52:43'),(5,'Pintor profesional con habilidades artísticas excepcionales. Me especializo en la aplicación de pintura de alta calidad para interiores y exteriores. Mi objetivo es proporcionar resultados qu','placeholder.png',5,5,5,'2024-03-08 18:52:43','2024-03-08 18:52:43'),(6,'Albañil con experiencia en la construcción de estructuras sólidas y duraderas. He trabajado en una variedad de proyectos, desde pequeñas renovaciones hasta construcciones importantes. Mi enfo','placeholder.png',6,6,6,'2024-03-08 18:52:43','2024-03-08 18:52:43'),(7,'Herrero con habilidades expertas en la manipulación del metal. Me especializo en la creación de estructuras metálicas personalizadas y duraderas. Mi objetivo es ofrecer soluciones únicas y de','placeholder.png',7,1,7,'2024-03-08 18:52:43','2024-03-08 18:52:43'),(8,'Cerrajero con experiencia en la instalación y reparación de cerraduras. Ofrezco servicios de cerrajería de emergencia y soluciones de seguridad personalizadas. La satisfacción del cliente es ','placeholder.png',8,2,8,'2024-03-08 18:52:43','2024-03-08 18:52:43'),(9,'Vidriero con habilidades en la instalación y reparación de vidrios. Trabajo con precisión y atención al detalle para garantizar resultados impecables. Mi objetivo es proporcionar soluciones e','placeholder.png',9,3,9,'2024-03-08 18:52:43','2024-03-08 18:52:43'),(10,'Especialista en limpieza con experiencia en la higienización de espacios residenciales y comerciales. Utilizo métodos y productos eficaces para garantizar ambientes limpios y saludables. La s','placeholder.png',10,4,10,'2024-03-08 18:52:43','2024-03-08 18:52:43'),(11,'Experto en fumigación con conocimientos en el control de plagas. Utilizo métodos seguros y efectivos para proteger hogares y negocios. Mi objetivo es proporcionar soluciones duraderas y libre','placeholder.png',11,5,11,'2024-03-08 18:52:43','2024-03-08 18:52:43'),(12,'Especialista en mudanzas con experiencia en traslados locales y nacionales. Ofrezco servicios eficientes y seguros para garantizar una mudanza sin problemas. La satisfacción del cliente es mi','placeholder.png',12,6,12,'2024-03-08 18:52:43','2024-03-08 18:52:43'),(13,'Profesional en impermeabilización con habilidades en la protección contra filtraciones. Utilizo materiales de alta calidad para garantizar resultados duraderos. Mi objetivo es brindar solucio','placeholder.png',13,1,13,'2024-03-08 18:52:43','2024-03-08 18:52:43'),(14,'Especialista en instalación de pisos con experiencia en una variedad de materiales. Realizo instalaciones precisas y estéticas. Mi enfoque es brindar soluciones duraderas y visualmente atract','placeholder.png',14,2,14,'2024-03-08 18:52:43','2024-03-08 18:52:43'),(15,'Experto en instalación de techos con conocimientos en una variedad de estilos y materiales. Realizo instalaciones que combinan funcionalidad y estética. Mi objetivo es proporcionar techos dur','placeholder.png',15,3,15,'2024-03-08 18:52:43','2024-03-08 18:52:43'),(16,'Instalador de ventanas con habilidades en la selección e instalación de ventanas eficientes. Me especializo en mejorar la eficiencia energética y la estética de los espacios. La satisfacción ','placeholder.png',16,4,16,'2024-03-08 18:52:43','2024-03-08 18:52:43'),(17,'Especialista en instalación de puertas con experiencia en la selección e instalación de puertas seguras y estéticas. Mi objetivo es proporcionar soluciones funcionales y duraderas que mejoren','placeholder.png',17,5,17,'2024-03-08 18:52:43','2024-03-08 18:52:43'),(18,'Profesional en instalación de cocinas con habilidades en diseño y montaje de cocinas personalizadas. Utilizo materiales de alta calidad para garantizar resultados duraderos y funcionales. La ','placeholder.png',18,6,18,'2024-03-08 18:52:43','2024-03-08 18:52:43'),(19,'Especialista en instalación de baños con experiencia en la creación de espacios modernos y funcionales. Utilizo productos de alta calidad para garantizar instalaciones duraderas. Mi objetivo ','placeholder.png',19,1,19,'2024-03-08 18:52:43','2024-03-08 18:52:43'),(20,'Instalador de sistemas de aire acondicionado con conocimientos en la selección e instalación de equipos eficientes. Mi objetivo es proporcionar ambientes frescos y confortables. La satisfacci','placeholder.png',20,2,20,'2024-03-08 18:52:43','2024-03-08 18:52:43'),(21,'Técnico en reparación de electrodomésticos con experiencia en la solución de problemas. Ofrezco servicios de reparación eficientes y duraderos. La satisfacción del cliente es mi principal pri','placeholder.png',21,3,21,'2024-03-08 18:52:43','2024-03-08 18:52:43'),(22,'Técnico en reparación de computadoras con habilidades en la solución de problemas de hardware y software. Ofrezco servicios de reparación rápidos y confiables. La satisfacción del cliente es ','placeholder.png',22,4,22,'2024-03-08 18:52:43','2024-03-08 18:52:43'),(23,'Especialista en reparación de celulares con experiencia en una variedad de marcas y modelos. Ofrezco servicios de reparación rápidos y confiables. Mi objetivo es devolver los dispositivos en ','placeholder.png',23,5,23,'2024-03-08 18:52:43','2024-03-08 18:52:43'),(24,'Mecánico especializado en la reparación de automóviles. Ofrezco servicios de diagnóstico y reparación de alta calidad. Mi objetivo es garantizar que los vehículos funcionen de manera segura y','placeholder.png',24,6,24,'2024-03-08 18:52:43','2024-03-08 18:52:43'),(25,'Especialista en reparación de bicicletas con habilidades en la solución de problemas mecánicos. Ofrezco servicios de reparación para garantizar un rendimiento óptimo de las bicicletas. La sat','placeholder.png',25,1,25,'2024-03-08 18:52:43','2024-03-08 18:52:43'),(26,'Mecánico especializado en la reparación de motocicletas. Cuento con experiencia en una variedad de modelos y marcas. Mi objetivo es garantizar que las motocicletas funcionen de manera segura ','placeholder.png',26,2,26,'2024-03-08 18:52:43','2024-03-08 18:52:43'),(27,'Especialista en reparación de muebles con habilidades en la restauración y renovación de piezas. Ofrezco servicios de reparación para muebles de madera y otros materiales. La satisfacción del','placeholder.png',27,3,27,'2024-03-08 18:52:43','2024-03-08 18:52:43'),(28,'Relojero con experiencia en la reparación y mantenimiento de relojes. Ofrezco servicios de reparación para relojes de pulsera y de pared. Mi objetivo es devolver la funcionalidad y el atracti','placeholder.png',28,4,28,'2024-03-08 18:52:43','2024-03-08 18:52:43'),(29,'Joyería con habilidades en la reparación y diseño de joyas. Ofrezco servicios de reparación para garantizar que las joyas se mantengan en perfecto estado. La satisfacción del cliente es mi pr','placeholder.png',29,5,29,'2024-03-08 18:52:43','2024-03-08 18:52:43'),(30,'Zapatero con experiencia en la reparación y renovación de calzado. Ofrezco servicios de reparación para garantizar que los zapatos se mantengan cómodos y duraderos. La satisfacción del client','placeholder.png',30,6,30,'2024-03-08 18:52:43','2024-03-08 18:52:43'),(35,'hola','1710645636.jpg',1,1,1,'2024-03-17 03:20:36','2024-03-17 03:20:36');
/*!40000 ALTER TABLE `specialists` ENABLE KEYS */;

#
# Structure for table "specialities"
#

DROP TABLE IF EXISTS `specialities`;
CREATE TABLE `specialities` (
  `id` bigint unsigned NOT NULL AUTO_INCREMENT,
  `name` varchar(191) COLLATE utf8mb4_unicode_ci NOT NULL,
  `description` varchar(191) COLLATE utf8mb4_unicode_ci NOT NULL,
  `created_at` timestamp NULL DEFAULT NULL,
  `updated_at` timestamp NULL DEFAULT NULL,
  PRIMARY KEY (`id`)
) ENGINE=MyISAM AUTO_INCREMENT=38 DEFAULT CHARSET=utf8mb4 COLLATE=utf8mb4_unicode_ci;

#
# Data for table "specialities"
#

/*!40000 ALTER TABLE `specialities` DISABLE KEYS */;
INSERT INTO `specialities` VALUES (1,'Fontanero','Especializado en instalación y reparación de sistemas de fontanería.','2024-03-08 18:57:40','2024-03-08 18:57:40'),(2,'Electricista','Especializado en instalación y reparación de sistemas eléctricos.','2024-03-08 18:57:40','2024-03-08 18:57:40'),(3,'Carpintero','Especializado en diseño y fabricación de muebles de madera.','2024-03-08 18:57:40','2024-03-08 18:57:40'),(4,'Jardinero','Especializado en diseño y mantenimiento de jardines y áreas verdes.','2024-03-08 18:57:40','2024-03-08 18:57:40'),(5,'Pintor','Especializado en aplicación de pintura de alta calidad en interiores y exteriores.','2024-03-08 18:57:40','2024-03-08 18:57:40'),(6,'Albañil','Especializado en construcción de estructuras sólidas y duraderas.','2024-03-08 18:57:40','2024-03-08 18:57:40'),(7,'Herrero','Especializado en manipulación de metal para crear estructuras duraderas.','2024-03-08 18:57:40','2024-03-08 18:57:40'),(8,'Cerrajero','Especializado en instalación y reparación de cerraduras y sistemas de seguridad.','2024-03-08 18:57:40','2024-03-08 18:57:40'),(9,'Vidriero','Especializado en instalación y reparación de vidrios y cristales.','2024-03-08 18:57:40','2024-03-08 18:57:40'),(10,'Limpiador','Especializado en limpieza de espacios residenciales y comerciales.','2024-03-08 18:57:40','2024-03-08 18:57:40'),(11,'Fumigador','Especializado en control de plagas y fumigación.','2024-03-08 18:57:40','2024-03-08 18:57:40'),(12,'Mudanzas','Especializado en servicios de mudanzas locales y nacionales.','2024-03-08 18:57:40','2024-03-08 18:57:40'),(13,'Impermeabilización','Especializado en protección contra filtraciones y humedades.','2024-03-08 18:57:40','2024-03-08 18:57:40'),(14,'Instalación de pisos','Especializado en instalación de una variedad de tipos de suelos.','2024-03-08 18:57:40','2024-03-08 18:57:40'),(15,'Instalación de techos','Especializado en instalación de techos de diversos estilos y materiales.','2024-03-08 18:57:40','2024-03-08 18:57:40'),(16,'Instalación de ventanas','Especializado en selección e instalación de ventanas eficientes.','2024-03-08 18:57:40','2024-03-08 18:57:40'),(17,'Instalación de puertas','Especializado en instalación de puertas seguras y estéticas.','2024-03-08 18:57:40','2024-03-08 18:57:40'),(18,'Instalación de cocinas','Especializado en diseño y montaje de cocinas personalizadas.','2024-03-08 18:57:40','2024-03-08 18:57:40'),(19,'Instalación de baños','Especializado en instalación de baños modernos y funcionales.','2024-03-08 18:57:40','2024-03-08 18:57:40'),(20,'Instalación de aire acondicionado','Especializado en instalación de sistemas de aire acondicionado.','2024-03-08 18:57:40','2024-03-08 18:57:40'),(21,'Reparación de electrodomésticos','Especializado en diagnóstico y reparación de electrodomésticos.','2024-03-08 18:57:40','2024-03-08 18:57:40'),(22,'Reparación de computadoras','Especializado en reparación de hardware y software de computadoras.','2024-03-08 18:57:40','2024-03-08 18:57:40'),(23,'Reparación de celulares','Especializado en reparación de una variedad de modelos y marcas de teléfonos.','2024-03-08 18:57:40','2024-03-08 18:57:40'),(24,'Reparación de automóviles','Especializado en diagnóstico y reparación de vehículos automotores.','2024-03-08 18:57:40','2024-03-08 18:57:40'),(25,'Reparación de bicicletas','Especializado en reparación de bicicletas y ciclomotores.','2024-03-08 18:57:40','2024-03-08 18:57:40'),(26,'Reparación de motocicletas','Especializado en reparación de motocicletas de diferentes marcas.','2024-03-08 18:57:40','2024-03-08 18:57:40'),(27,'Reparación de muebles','Especializado en restauración y reparación de muebles de madera y otros materiales.','2024-03-08 18:57:40','2024-03-08 18:57:40'),(28,'Reparación de relojes','Especializado en reparación y mantenimiento de relojes de pulsera y pared.','2024-03-08 18:57:40','2024-03-08 18:57:40'),(29,'Reparación de joyería','Especializado en reparación y diseño de joyas de diversos materiales.','2024-03-08 18:57:40','2024-03-08 18:57:40'),(30,'Reparación de calzado','Especializado en reparación y renovación de calzado de todo tipo.','2024-03-08 18:57:40','2024-03-08 18:57:40');
/*!40000 ALTER TABLE `specialities` ENABLE KEYS */;

#
# Structure for table "users"
#

DROP TABLE IF EXISTS `users`;
CREATE TABLE `users` (
  `id` bigint unsigned NOT NULL AUTO_INCREMENT,
  `name` varchar(191) COLLATE utf8mb4_unicode_ci NOT NULL,
  `surname` varchar(191) COLLATE utf8mb4_unicode_ci NOT NULL,
  `email` varchar(191) COLLATE utf8mb4_unicode_ci NOT NULL,
  `phone` varchar(191) COLLATE utf8mb4_unicode_ci NOT NULL,
  `email_verified_at` timestamp NULL DEFAULT NULL,
  `password` varchar(191) COLLATE utf8mb4_unicode_ci NOT NULL,
  `status` int NOT NULL DEFAULT '1',
  `level_id` int NOT NULL DEFAULT '1',
  `image` varchar(191) COLLATE utf8mb4_unicode_ci NOT NULL DEFAULT 'placeholder.png',
  `remember_token` varchar(100) COLLATE utf8mb4_unicode_ci DEFAULT NULL,
  `created_at` timestamp NULL DEFAULT NULL,
  `updated_at` timestamp NULL DEFAULT NULL,
  PRIMARY KEY (`id`),
  UNIQUE KEY `users_email_unique` (`email`)
) ENGINE=MyISAM AUTO_INCREMENT=63 DEFAULT CHARSET=utf8mb4 COLLATE=utf8mb4_unicode_ci;

#
# Data for table "users"
#

/*!40000 ALTER TABLE `users` DISABLE KEYS */;
INSERT INTO `users` VALUES (1,'Alan','Gomez','alan@gmail.com','1234567890',NULL,'$2y$12$1TY5Br/H5RQ1YGN5yA7c2.j4SVdGaEc7PG51Rw5c334Kzhn49LJze',1,1,'placeholder.jpg',NULL,NULL,NULL),(2,'Brenda','Lopez','brenda.ramirez@example.com','1234567890',NULL,'$2y$12$1TY5Br/H5RQ1YGN5yA7c2.j4SVdGaEc7PG51Rw5c334Kzhn49LJze',1,1,'placeholder.jpg',NULL,NULL,NULL),(3,'Carlos','Perez','carlos.perez@example.com','1234567890',NULL,'$2y$12$1TY5Br/H5RQ1YGN5yA7c2.j4SVdGaEc7PG51Rw5c334Kzhn49LJze',1,1,'placeholder.jpg',NULL,NULL,NULL),(4,'Diana','Diaz','diana.sanchez@example.com','1234567890',NULL,'$2y$12$1TY5Br/H5RQ1YGN5yA7c2.j4SVdGaEc7PG51Rw5c334Kzhn49LJze',1,1,'placeholder.jpg',NULL,NULL,NULL),(5,'Eduardo','Romero','eduardo.lopez@example.com','1234567890',NULL,'$2y$12$1TY5Br/H5RQ1YGN5yA7c2.j4SVdGaEc7PG51Rw5c334Kzhn49LJze',1,2,'placeholder.jpg',NULL,NULL,NULL),(6,'Fernanda','Navarro','fernanda.gutierrez@example.com','1234567890',NULL,'$2y$12$1TY5Br/H5RQ1YGN5yA7c2.j4SVdGaEc7PG51Rw5c334Kzhn49LJze',1,1,'placeholder.jpg',NULL,NULL,NULL),(7,'Gabriel','Torres','gabriel.martinez@example.com','1234567890',NULL,'$2y$12$1TY5Br/H5RQ1YGN5yA7c2.j4SVdGaEc7PG51Rw5c334Kzhn49LJze',1,1,'placeholder.jpg',NULL,NULL,NULL),(8,'Hector','Peña','hector.hernandez@example.com','1234567890',NULL,'$2y$12$1TY5Br/H5RQ1YGN5yA7c2.j4SVdGaEc7PG51Rw5c334Kzhn49LJze',1,1,'placeholder.jpg',NULL,NULL,NULL),(9,'Irene','Aguilar','irene.gonzalez@example.com','1234567890',NULL,'$2y$12$1TY5Br/H5RQ1YGN5yA7c2.j4SVdGaEc7PG51Rw5c334Kzhn49LJze',1,1,'placeholder.jpg',NULL,NULL,NULL),(10,'Javier','Vargas','javier.morales@example.com','1234567890',NULL,'$2y$12$1TY5Br/H5RQ1YGN5yA7c2.j4SVdGaEc7PG51Rw5c334Kzhn49LJze',1,1,'placeholder.jpg',NULL,NULL,NULL),(11,'Karla','Castillo','karla.guzman@example.com','1234567890',NULL,'$2y$12$1TY5Br/H5RQ1YGN5yA7c2.j4SVdGaEc7PG51Rw5c334Kzhn49LJze',1,1,'placeholder.jpg',NULL,NULL,NULL),(12,'Luis','Guzman','luis.mendoza@example.com','1234567890',NULL,'$2y$12$1TY5Br/H5RQ1YGN5yA7c2.j4SVdGaEc7PG51Rw5c334Kzhn49LJze',1,1,'placeholder.jpg',NULL,NULL,NULL),(13,'Maria','Rios','maria.ruiz@example.com','1234567890',NULL,'$2y$12$1TY5Br/H5RQ1YGN5yA7c2.j4SVdGaEc7PG51Rw5c334Kzhn49LJze',1,1,'placeholder.jpg',NULL,NULL,NULL),(14,'Noe','Reyes','noe.pena@example.com','1234567890',NULL,'$2y$12$1TY5Br/H5RQ1YGN5yA7c2.j4SVdGaEc7PG51Rw5c334Kzhn49LJze',1,1,'placeholder.jpg',NULL,NULL,NULL),(15,'Oscar','Alvarado','oscar.diaz@example.com','1234567890',NULL,'$2y$12$1TY5Br/H5RQ1YGN5yA7c2.j4SVdGaEc7PG51Rw5c334Kzhn49LJze',1,1,'placeholder.jpg',NULL,NULL,NULL),(16,'Patricia','Paredes','patricia.cruz@example.com','1234567890',NULL,'$2y$12$1TY5Br/H5RQ1YGN5yA7c2.j4SVdGaEc7PG51Rw5c334Kzhn49LJze',1,1,'placeholder.jpg',NULL,NULL,NULL),(17,'Ricardo','Cordova','ricardo.castillo@example.com','1234567890',NULL,'$2y$12$1TY5Br/H5RQ1YGN5yA7c2.j4SVdGaEc7PG51Rw5c334Kzhn49LJze',1,1,'placeholder.jpg',NULL,NULL,NULL),(18,'Sofia','Santos','sofia.aguilar@example.com','1234567890',NULL,'$2y$12$1TY5Br/H5RQ1YGN5yA7c2.j4SVdGaEc7PG51Rw5c334Kzhn49LJze',1,1,'placeholder.jpg',NULL,NULL,NULL),(19,'Tomas','Herrera','tomas.vargas@example.com','1234567890',NULL,'$2y$12$1TY5Br/H5RQ1YGN5yA7c2.j4SVdGaEc7PG51Rw5c334Kzhn49LJze',1,1,'placeholder.jpg',NULL,NULL,NULL),(20,'Ursula','Medina','ursula.delgado@example.com','1234567890',NULL,'$2y$12$1TY5Br/H5RQ1YGN5yA7c2.j4SVdGaEc7PG51Rw5c334Kzhn49LJze',1,1,'placeholder.jpg',NULL,NULL,NULL),(21,'Victor','Barrios','victor.espinoza@example.com','1234567890',NULL,'$2y$12$1TY5Br/H5RQ1YGN5yA7c2.j4SVdGaEc7PG51Rw5c334Kzhn49LJze',1,1,'placeholder.jpg',NULL,NULL,NULL),(22,'Wendy','Parra','wendy.figueroa@example.com','1234567890',NULL,'$2y$12$1TY5Br/H5RQ1YGN5yA7c2.j4SVdGaEc7PG51Rw5c334Kzhn49LJze',1,1,'placeholder.jpg',NULL,NULL,NULL),(23,'Ximena','Mendez','ximena.cordova@example.com','1234567890',NULL,'$2y$12$1TY5Br/H5RQ1YGN5yA7c2.j4SVdGaEc7PG51Rw5c334Kzhn49LJze',1,1,'placeholder.jpg',NULL,NULL,NULL),(24,'Yolanda','Salinas','yolanda.barrios@example.com','1234567890',NULL,'$2y$12$1TY5Br/H5RQ1YGN5yA7c2.j4SVdGaEc7PG51Rw5c334Kzhn49LJze',1,1,'placeholder.jpg',NULL,NULL,NULL),(25,'Zoe','Valdez','zoe.torres@example.com','1234567890',NULL,'$2y$12$1TY5Br/H5RQ1YGN5yA7c2.j4SVdGaEc7PG51Rw5c334Kzhn49LJze',1,1,'placeholder.jpg',NULL,NULL,NULL),(26,'Adrian','Mendoza','adrian.navarro@example.com','1234567890',NULL,'$2y$12$1TY5Br/H5RQ1YGN5yA7c2.j4SVdGaEc7PG51Rw5c334Kzhn49LJze',1,1,'placeholder.jpg',NULL,NULL,NULL),(27,'Blanca','Marquez','blanca.rios@example.com','1234567890',NULL,'$2y$12$1TY5Br/H5RQ1YGN5yA7c2.j4SVdGaEc7PG51Rw5c334Kzhn49LJze',1,1,'placeholder.jpg',NULL,NULL,NULL),(28,'Cesar','Bernal','cesar.salazar@example.com','1234567890',NULL,'$2y$12$1TY5Br/H5RQ1YGN5yA7c2.j4SVdGaEc7PG51Rw5c334Kzhn49LJze',1,1,'placeholder.jpg',NULL,NULL,NULL),(29,'Dolores','Lara','dolores.paredes@example.com','1234567890',NULL,'$2y$12$1TY5Br/H5RQ1YGN5yA7c2.j4SVdGaEc7PG51Rw5c334Kzhn49LJze',1,1,'placeholder.jpg',NULL,NULL,NULL),(30,'Eduardo','Sosa','eduardo.luna@example.com','1234567890',NULL,'$2y$12$1TY5Br/H5RQ1YGN5yA7c2.j4SVdGaEc7PG51Rw5c334Kzhn49LJze',1,1,'placeholder.jpg',NULL,NULL,NULL),(31,'Fernando','Rincon','fernando.solis@example.com','1234567890',NULL,'$2y$12$1TY5Br/H5RQ1YGN5yA7c2.j4SVdGaEc7PG51Rw5c334Kzhn49LJze',1,1,'placeholder.jpg',NULL,NULL,NULL),(32,'Gloria','Galindo','gloria.alvarado@example.com','1234567890',NULL,'$2y$12$1TY5Br/H5RQ1YGN5yA7c2.j4SVdGaEc7PG51Rw5c334Kzhn49LJze',1,1,'placeholder.jpg',NULL,NULL,NULL),(33,'Hugo','Siguenza','hugo.navarrete@example.com','1234567890',NULL,'$2y$12$1TY5Br/H5RQ1YGN5yA7c2.j4SVdGaEc7PG51Rw5c334Kzhn49LJze',1,1,'placeholder.jpg',NULL,NULL,NULL),(34,'Ivonne','Pacheco','ivonne.ponce@example.com','1234567890',NULL,'$2y$12$1TY5Br/H5RQ1YGN5yA7c2.j4SVdGaEc7PG51Rw5c334Kzhn49LJze',1,1,'placeholder.jpg',NULL,NULL,NULL),(35,'Joaquin','Sepulveda','joaquin.reyes@example.com','1234567890',NULL,'$2y$12$1TY5Br/H5RQ1YGN5yA7c2.j4SVdGaEc7PG51Rw5c334Kzhn49LJze',1,1,'placeholder.jpg',NULL,NULL,NULL),(36,'Karina','Trejo','karina.salinas@example.com','1234567890',NULL,'$2y$12$1TY5Br/H5RQ1YGN5yA7c2.j4SVdGaEc7PG51Rw5c334Kzhn49LJze',1,1,'placeholder.jpg',NULL,NULL,NULL),(37,'Luisa','Paz','luisa.quintana@example.com','1234567890',NULL,'$2y$12$1TY5Br/H5RQ1YGN5yA7c2.j4SVdGaEc7PG51Rw5c334Kzhn49LJze',1,1,'placeholder.jpg',NULL,NULL,NULL),(38,'Mauricio','Palma','mauricio.rios@example.com','1234567890',NULL,'$2y$12$1TY5Br/H5RQ1YGN5yA7c2.j4SVdGaEc7PG51Rw5c334Kzhn49LJze',1,1,'placeholder.jpg',NULL,NULL,NULL),(39,'Nora','Ayala','nora.uribe@example.com','1234567890',NULL,'$2y$12$1TY5Br/H5RQ1YGN5yA7c2.j4SVdGaEc7PG51Rw5c334Kzhn49LJze',1,1,'placeholder.jpg',NULL,NULL,NULL),(40,'Oscar','Vega','oscar.vega@example.com','1234567890',NULL,'$2y$12$1TY5Br/H5RQ1YGN5yA7c2.j4SVdGaEc7PG51Rw5c334Kzhn49LJze',1,1,'placeholder.jpg',NULL,NULL,NULL),(41,'Patricia','Patricia','patricia.zuniga@example.com','1234567890',NULL,'$2y$12$1TY5Br/H5RQ1YGN5yA7c2.j4SVdGaEc7PG51Rw5c334Kzhn49LJze',1,1,'placeholder.jpg',NULL,NULL,NULL),(42,'Ricardo','Ricardo','ricardo.acevedo@example.com','1234567890',NULL,'$2y$12$1TY5Br/H5RQ1YGN5yA7c2.j4SVdGaEc7PG51Rw5c334Kzhn49LJze',1,1,'placeholder.jpg',NULL,NULL,NULL),(43,'Sofia','Sofia','sofia.barron@example.com','1234567890',NULL,'$2y$12$1TY5Br/H5RQ1YGN5yA7c2.j4SVdGaEc7PG51Rw5c334Kzhn49LJze',1,1,'placeholder.jpg',NULL,NULL,NULL),(44,'Tomas','Tomas','tomas.cervantes@example.com','1234567890',NULL,'$2y$12$1TY5Br/H5RQ1YGN5yA7c2.j4SVdGaEc7PG51Rw5c334Kzhn49LJze',1,1,'placeholder.jpg',NULL,NULL,NULL),(45,'Ursula','Ursula','ursula.duarte@example.com','1234567890',NULL,'$2y$12$1TY5Br/H5RQ1YGN5yA7c2.j4SVdGaEc7PG51Rw5c334Kzhn49LJze',1,1,'placeholder.jpg',NULL,NULL,NULL),(46,'Victor','Victor','victor.espinosa@example.com','1234567890',NULL,'$2y$12$1TY5Br/H5RQ1YGN5yA7c2.j4SVdGaEc7PG51Rw5c334Kzhn49LJze',1,1,'placeholder.jpg',NULL,NULL,NULL),(47,'Wendy','Wendy','wendy.flores@example.com','1234567890',NULL,'$2y$12$1TY5Br/H5RQ1YGN5yA7c2.j4SVdGaEc7PG51Rw5c334Kzhn49LJze',1,1,'placeholder.jpg',NULL,NULL,NULL),(48,'Ximena','Ximena','ximena.garcia@example.com','1234567890',NULL,'$2y$12$1TY5Br/H5RQ1YGN5yA7c2.j4SVdGaEc7PG51Rw5c334Kzhn49LJze',1,1,'placeholder.jpg',NULL,NULL,NULL),(49,'Yolanda','Yolanda','yolanda.herrera@example.com','1234567890',NULL,'$2y$12$1TY5Br/H5RQ1YGN5yA7c2.j4SVdGaEc7PG51Rw5c334Kzhn49LJze',1,1,'placeholder.png',NULL,NULL,NULL),(50,'Zoe','Zoe','zoe.ibarra@example.com','1234567890',NULL,'$2y$12$1TY5Br/H5RQ1YGN5yA7c2.j4SVdGaEc7PG51Rw5c334Kzhn49LJze',1,1,'placeholder.png',NULL,NULL,NULL),(51,'Guillermo','Iñiguez','guille@gmail.com','1234567890',NULL,'$2y$12$yGJfpylW09ShhzOKLeGCW.nd8QjrFUHMeUFT08AbvkK3A3lQf9pPS',1,1,'placeholder.png',NULL,'2024-03-09 09:23:13','2024-03-09 09:23:13'),(58,'Romo','Bernal','bernal@uth.mx','1234567890',NULL,'$2y$12$5r7cc14kShitLmVTCUc6PuehMWq07eEUgGe9IXdSfxkY7ELm9RNHC',1,1,'placeholder.png',NULL,'2024-03-12 18:40:11','2024-03-12 18:40:11');
/*!40000 ALTER TABLE `users` ENABLE KEYS */;
